LAND1;BLAND;BEZEI
AD;02;Canillo
AD;03;Encamp
AD;04;LaMassana
AD;05;Ordino
AD;06;SantJuliàdeLòria
AD;07;AndorralaVella
AD;08;Escaldes-Engordany
AE;AJ;Ajman
AE;AZ;AbuDhabi
AE;FU;Fujairah
AE;RK;Rasal-Khaimah
AE;SH;Sharjah
AE;UQ;Ummal-Quwain
AF;BAL;Balkh
AF;BAM;Bamyan
AF;BDG;Badghis
AF;BDS;Badakhshan
AF;BGL;Baglan
AF;DAY;Daykundi
AF;FRA;Farah
AF;FYB;Faryab
AF;GHA;Ghazni
AF;GHO;Ghor
AF;HEL;Helmand
AF;HER;Herat
AF;JOW;Jowzjan
AF;KAB;Kabul
AF;KAN;Kandahar
AF;KAP;Kapisa
AF;KDZ;Kunduz
AF;KHO;Khost
AF;KNR;Kunar
AF;LAG;Laghman
AF;LOG;Logar
AF;NAN;Nangarhar
AF;NIM;Nimruz
AF;NUR;Nuristan
AF;PAN;Panjshir
AF;PAR;Parwan
AF;PIA;Paktia
AF;PKA;Paktika
AF;SAM;Samangan
AF;SAR;Sar-ePul
AF;TAK;Takhar
AF;URU;Uruzgan
AF;WAR;Wardak
AF;ZAB;Zabul
AL;01;Berat
AL;02;Durrës
AL;03;Elbasan
AL;04;Fier
AL;05;Gjirokastër
AL;06;Korçë
AL;07;Kukës
AL;08;Lezhë
AL;09;Dibër
AL;10;Shkodër
AL;11;Tiranë
AL;12;Vlorë
AM;AG;Aragatsotn
AM;AR;Ararat
AM;AV;Armavir
AM;ER;Yerevan
AM;GR;Gegharkunik
AM;KT;Kotayk
AM;LO;Lori
AM;SH;Shirak
AM;SU;Syunik
AM;TV;Tavush
AM;VD;VayotsDzor
AO;BGO;Bengo
AO;BGU;Benguela
AO;BIE;Bié
AO;CAB;Cabinda
AO;CCU;KuandoKubango
AO;CNN;Cunene
AO;CNO;KwanzaNorte
AO;CUS;KwanzaSul
AO;HUA;Huambo
AO;HUI;Huíla
AO;LNO;LundaNorte
AO;LSU;LundaSul
AO;LUA;Luanda
AO;MAL;Malange
AO;MOX;Moxico
AO;NAM;Namibe
AO;UIG;Uíge
AO;ZAI;Zaire
AR;00;CapitalFederal
AR;01;BuenosAires
AR;02;Catamarca
AR;03;Cordoba
AR;04;Corrientes
AR;05;EntreRios
AR;06;Jujuy
AR;07;Mendoza
AR;08;LaRioja
AR;09;Salta
AR;10;SanJuan
AR;11;SanLuis
AR;12;SantaFe
AR;13;SantiagodelEstero
AR;14;Tucuman
AR;16;Chaco
AR;17;Chubut
AR;18;Formosa
AR;19;Misiones
AR;20;Neuquen
AR;21;LaPampa
AR;22;RioNegro
AR;23;SantaCruz
AR;24;TierradelFuego
AT;1;Burgenland
AT;2;Carinthia
AT;3;LowerAustria
AT;4;UpperAustria
AT;5;Salzburg
AT;6;Styria
AT;7;Tyrol
AT;8;Vorarlberg
AT;9;Vienna
AT;B;Burgenland
AT;K;Carinthia
AT;NOE;LowerAustria
AT;OOE;UpperAustria
AT;S;Salzburg
AT;ST;Styria
AT;T;Tyrol
AT;V;Vorarlberg
AT;W;Vienna
AU;ACT;AustCapitalTerr
AU;NSW;NewSouthWales
AU;NT;NorthernTerritory
AU;QLD;Queensland
AU;SA;SouthAustralia
AU;TAS;Tasmania
AU;VIC;Victoria
AU;WA;WesternAustralia
AZ;ABS;Abşeron
AZ;AGA;Ağstafa
AZ;AGC;Ağcabədi
AZ;AGM;Ağdam
AZ;AGS;Ağdaş
AZ;AGU;Ağsu
AZ;AST;Astara
AZ;BA;Bakı
AZ;BAB;Babək
AZ;BAL;Balakən
AZ;BAR;Bərdə
AZ;BEY;Beyləqan
AZ;BIL;Biləsuvar
AZ;CAB;Cəbrayıl
AZ;CAL;Cəlilabad
AZ;CUL;Culfa
AZ;DAS;Daşkəsən
AZ;FUZ;Füzuli
AZ;GA;Gəncə
AZ;GAD;Gədəbəy
AZ;GOR;Goranboy
AZ;GOY;Göyçay
AZ;GYG;Göygöl
AZ;HAC;Hacıqabul
AZ;IMI;İmişli
AZ;ISM;İsmayıllı
AZ;KAL;Kəlbəcər
AZ;KAN;Kəngərli
AZ;KUR;Kürdəmir
AZ;LA;Lənkəran(city)
AZ;LAC;Laçın
AZ;LAN;Lənkəran(region)
AZ;LER;Lerik
AZ;MAS;Masallı
AZ;MI;Mingəçevir
AZ;NA;Naftalan
AZ;NEF;Neftçala
AZ;NV;Naxçıvan
AZ;OGU;Oğuz
AZ;ORD;Ordubad
AZ;QAB;Qəbələ
AZ;QAX;Qax
AZ;QAZ;Qazax
AZ;QBA;Quba
AZ;QBI;Qubadlı
AZ;QOB;Qobustan
AZ;QUS;Qusar
AZ;SA;Şəki(city)
AZ;SAB;Sabirabad
AZ;SAD;Sədərək
AZ;SAH;Şahbuz
AZ;SAK;Şəki(region)
AZ;SAL;Salyan
AZ;SAR;Şərur
AZ;SAT;Saatlı
AZ;SBN;Şabran
AZ;SIY;Siyəzən
AZ;SKR;Şəmkir
AZ;SM;Sumqayıt
AZ;SMI;Şamaxı
AZ;SMX;Samux
AZ;SR;Şirvan
AZ;SUS;Şuşa
AZ;TAR;Tərtər
AZ;TOV;Tovuz
AZ;UCA;Ucar
AZ;XA;Xankəndi
AZ;XAC;Xaçmaz
AZ;XCI;Xocalı
AZ;XIZ;Xızı
AZ;XVD;Xocavənd
AZ;YAR;Yardımlı
AZ;YE;Yevlax(city)
AZ;YEV;Yevlax(region)
AZ;ZAN;Zəngilan
AZ;ZAQ;Zaqatala
AZ;ZAR;Zərdab
BA;BIH;Fed.Bosnia&Herzeg.
BA;BRC;Brčkodistrict
BA;SRP;RepublikaSrpska
BD;01;Bandarban
BD;02;Barguna
BD;03;Bogra
BD;04;Brahmanbaria
BD;05;Bagerhat
BD;06;Barisal
BD;07;Bhola
BD;08;Comilla
BD;09;Chandpur
BD;10;Chittagong
BD;11;Cox'sBazar
BD;12;Chuadanga
BD;13;Dhaka
BD;14;Dinajpur
BD;15;Faridpur
BD;16;Feni
BD;17;Gopalganj
BD;18;Gazipur
BD;19;Gaibandha
BD;20;Habiganj
BD;21;Jamalpur
BD;22;Jessore
BD;23;Jhenaidah
BD;24;Joypurhat
BD;25;Jhalakathi
BD;26;Kishoreganj
BD;27;Khulna
BD;28;Kurigram
BD;29;Khagrachhari
BD;30;Kushtia
BD;31;Lakshmipur
BD;32;Lalmonirhat
BD;33;Manikganj
BD;34;Mymensingh
BD;35;Munshiganj
BD;36;Madaripur
BD;37;Magura
BD;38;Moulvibazar
BD;39;Meherpur
BD;40;Narayanganj
BD;41;Netrakona
BD;42;Narsingdi
BD;43;Narail
BD;44;Natore
BD;45;ChapaiNawabganj
BD;46;Nilphamari
BD;47;Noakhali
BD;48;Naogaon
BD;49;Pabna
BD;50;Pirojpur
BD;51;Patuakhali
BD;52;Panchagarh
BD;53;Rajbari
BD;54;Rajshahi
BD;55;Rangpur
BD;56;Rangamati
BD;57;Sherpur
BD;58;Satkhira
BD;59;Sirajganj
BD;60;Sylhet
BD;61;Sunamganj
BD;62;Shariatpur
BD;63;Tangail
BD;64;Thakurgaon
BE;01;Antwerp
BE;02;Brabant(Flemish)
BE;03;Hainaut
BE;04;Liege
BE;05;Limburg
BE;06;Luxembourg
BE;07;Namur
BE;08;Oost-Vlaanderen
BE;09;West-Vlaanderen
BE;10;Brabant(Walloon)
BE;11;Brussels(Capital)
BE;BRU;Brussels-CapitalReg
BE;VAN;Antwerp
BE;VBR;FlemishBrabant
BE;VLI;Limburg
BE;VOV;EastFlanders
BE;VWV;WestFlanders
BE;WBR;WalloonBrabant
BE;WHT;Hainaut
BE;WLG;Liege
BE;WLX;Luxembourg
BE;WNA;Namur
BF;BAL;Balé
BF;BAM;Bam
BF;BAN;Banwa
BF;BAZ;Bazèga
BF;BGR;Bougouriba
BF;BLG;Boulgou
BF;BLK;Boulkiemdé
BF;COM;Comoé
BF;GAN;Ganzourgou
BF;GNA;Gnagna
BF;GOU;Gourma
BF;HOU;Houet
BF;IOB;Ioba
BF;KAD;Kadiogo
BF;KEN;Kénédougou
BF;KMD;Komondjari
BF;KMP;Kompienga
BF;KOP;Koulpélogo
BF;KOS;Kossi
BF;KOT;Kouritenga
BF;KOW;Kourwéogo
BF;LER;Léraba
BF;LOR;Loroum
BF;MOU;Mouhoun
BF;NAM;Namentenga
BF;NAO;Nahouri
BF;NAY;Nayala
BF;NOU;Noumbiel
BF;OUB;Oubritenga
BF;OUD;Oudalan
BF;PAS;Passoré
BF;PON;Poni
BF;SEN;Séno
BF;SIS;Sissili
BF;SMT;Sanmatenga
BF;SNG;Sanguié
BF;SOM;Soum
BF;SOR;Sourou
BF;TAP;Tapoa
BF;TUI;Tuy
BF;YAG;Yagha
BF;YAT;Yatenga
BF;ZIR;Ziro
BF;ZON;Zondoma
BF;ZOU;Zoundwéogo
BG;01;Blagoevgrad
BG;02;Burgas
BG;03;Varna
BG;04;VelikoTarnovo
BG;05;Vidin
BG;06;Vratsa
BG;07;Gabrovo
BG;08;Dobrich
BG;09;Kardzhali
BG;10;Kyustendil
BG;11;Lovech
BG;12;Montana
BG;13;Pazardzhik
BG;14;Pernik
BG;15;Pleven
BG;16;Plovdiv
BG;17;Razgrad
BG;18;Ruse
BG;19;Silistra
BG;20;Sliven
BG;21;Smolyan
BG;22;Sofia-Grad
BG;23;Sofia
BG;24;StaraZagora
BG;25;Targovishte
BG;26;Haskovo
BG;27;Shumen
BG;28;Yambol
BH;13;CapitalGovernorate
BH;14;SouthernGovernorate
BH;15;MuharraqGovernorate
BH;17;NorthernGovernorate
BI;BB;Bubanza
BI;BL;BujumburaRural
BI;BM;BujumburaMairie
BI;BR;Bururi
BI;CA;Cankuzo
BI;CI;Cibitoke
BI;GI;Gitega
BI;KI;Kirundo
BI;KR;Karuzi
BI;KY;Kayanza
BI;MA;Makamba
BI;MU;Muramvya
BI;MW;Mwaro
BI;MY;Muyinga
BI;NG;Ngozi
BI;RM;Rumonge
BI;RT;Rutana
BI;RY;Ruyigi
BJ;AK;Atacora
BJ;AL;Alibori
BJ;AQ;Atlantique
BJ;BO;Borgou
BJ;CO;Collines
BJ;DO;Donga
BJ;KO;Couffo
BJ;LI;Littoral
BJ;MO;Mono
BJ;OU;Ouémé
BJ;PL;Plateau
BJ;ZO;Zou
BN;BE;Belait
BN;BM;Brunei-Muara
BN;TE;Temburong
BN;TU;Tutong
BO;B;Beni
BO;C;Cochabamba
BO;H;Chuquisaca
BO;L;LaPaz
BO;N;Pando
BO;O;Oruro
BO;P;Potosí
BO;S;SantaCruz
BO;T;Tarija
BQ;BO;Bonaire
BQ;SA;Saba
BQ;SE;SintEustatius
BR;AC;Acre
BR;AL;Alagoas
BR;AM;Amazon
BR;AP;Amapa
BR;BA;Bahia
BR;CE;Ceara
BR;DF;Brasilia
BR;ES;EspiritoSanto
BR;GO;Goias
BR;MA;Maranhao
BR;MG;MinasGerais
BR;MS;MatoGrossodoSul
BR;MT;MatoGrosso
BR;PA;Para
BR;PB;Paraiba
BR;PE;Pernambuco
BR;PI;Piaui
BR;PR;Parana
BR;RJ;RiodeJaneiro
BR;RN;RioGrandedoNorte
BR;RO;Rondonia
BR;RR;Roraima
BR;RS;RioGrandedoSul
BR;SC;SantaCatarina
BR;SE;Sergipe
BR;SP;SaoPaulo
BR;TO;Tocantins
BS;AK;Acklins
BS;BI;Bimini
BS;BP;BlackPoint
BS;BY;BerryIslands
BS;CE;CentralEleuthera
BS;CI;CatIsland
BS;CK;CrookedIsl.&L.Cay
BS;CO;CentralAbaco
BS;CS;CentralAndros
BS;EG;EastGrandBahama
BS;EX;Exuma
BS;FP;Freeport
BS;GC;GrandCay
BS;HI;HarbourIsland
BS;HT;HopeTown
BS;IN;Inagua
BS;LI;LongIsland
BS;MC;MangroveCay
BS;MG;Mayaguana
BS;MI;Moore'sIsland
BS;NE;NorthEleuthera
BS;NO;NorthAbaco
BS;NP;NewProvidence
BS;NS;NorthAndros
BS;RC;RumCay
BS;RI;RaggedIsland
BS;SA;SouthAndros
BS;SE;SouthEleuthera
BS;SO;SouthAbaco
BS;SS;SanSalvador
BS;SW;SpanishWells
BS;WG;WestGrandBahama
BT;11;Paro
BT;12;Chhukha
BT;13;Haa
BT;14;Samtse
BT;15;Thimphu
BT;21;Tsirang
BT;22;Dagana
BT;23;Punakha
BT;24;WangduePhodrang
BT;31;Sarpang
BT;32;Trongsa
BT;33;Bumthang
BT;34;Zhemgang
BT;41;Trashigang
BT;42;Monggar
BT;43;Pemagatshel
BT;44;Lhuentse
BT;45;SamdrupJongkhar
BT;GA;Gasa
BT;TY;TrashiYangtse
BW;CE;Central
BW;CH;Chobe
BW;FR;Francistown
BW;GA;Gaborone
BW;GH;Ghanzi
BW;JW;Jwaneng
BW;KG;Kgalagadi
BW;KL;Kgatleng
BW;KW;Kweneng
BW;LO;Lobatse
BW;NE;NorthEast
BW;NW;NorthWest
BW;SE;SouthEast
BW;SO;Southern
BW;SP;SelibePhikwe
BW;ST;SowaTown
BY;BR;BrestRegion
BY;HM;CityofMinsk
BY;HO;GomelRegion
BY;HR;GrodnoRegion
BY;MA;MogilevRegion
BY;MI;MinskRegion
BY;VI;VitebskRegion
BZ;BZ;Belize
BZ;CY;Cayo
BZ;CZL;Corozal
BZ;OW;OrangeWalk
BZ;SC;StannCreek
BZ;TOL;Toledo
CA;AB;Alberta
CA;BC;BritishColumbia
CA;MB;Manitoba
CA;NB;NewBrunswick
CA;NL;Newfoundland&Labr.
CA;NS;NovaScotia
CA;NT;NorthwestTerr.
CA;NU;Nunavut
CA;ON;Ontario
CA;PE;PrinceEdwardIsland
CA;QC;Quebec
CA;SK;Saskatchewan
CA;YT;YukonTerritory
CD;BC;KongoCentral
CD;BU;Bas-Uélé
CD;EQ;Équateur
CD;HK;Haut-Katanga
CD;HL;Haut-Lomami
CD;HU;Haut-Uélé
CD;IT;Ituri
CD;KC;KasaïCentral
CD;KE;Kasai-Oriental
CD;KG;Kwango
CD;KL;Kwilu
CD;KN;Kinshasa
CD;KS;Kasaï
CD;LO;Lomami
CD;LU;Lualaba
CD;MA;Maniema
CD;MN;Mai-Ndombe
CD;MO;Mongala
CD;NK;Nord-Kivu
CD;NU;Nord-Ubangi
CD;SA;Sankuru
CD;SK;Sud-Kivu
CD;SU;Sud-Ubangi
CD;TA;Tanganyika
CD;TO;Tshopo
CD;TU;Tshuapa
CF;AC;Ouham
CF;BB;Bamingui-Bangoran
CF;BGF;Bangui
CF;BK;Basse-Kotto
CF;HK;Haute-Kotto
CF;HM;Haut-Mbomou
CF;HS;Mambéré-Kadéï
CF;KB;Gribingui
CF;KG;Kémo-Gribingui
CF;LB;Lobaye
CF;MB;Mbomou
CF;MP;Ombella-Mpoko
CF;NM;Nana-Mambéré
CF;OP;Ouham-Pendé
CF;SE;Sangha
CF;UK;Ouaka
CF;VK;Vakaga
CG;11;Bouenza
CG;12;Pool
CG;13;Sangha
CG;14;Plateaux
CG;15;Cuvette-Ouest
CG;16;Pointe-Noire
CG;2;Lékoumou
CG;5;Kouilou
CG;7;Likouala
CG;8;Cuvette
CG;9;Niari
CG;BZV;Brazzaville
CH;AG;Aargau
CH;AI;Inner-Rhoden
CH;AR;Ausser-Rhoden
CH;BE;Bern
CH;BL;BaselLand
CH;BS;BaselStadt
CH;FR;Fribourg
CH;GE;Geneva
CH;GL;Glarus
CH;GR;Graubuenden
CH;JU;Jura
CH;LU;Lucerne
CH;NE;Neuchatel
CH;NW;Nidwalden
CH;OW;Obwalden
CH;SG;St.Gallen
CH;SH;Schaffhausen
CH;SO;Solothurn
CH;SZ;Schwyz
CH;TG;Thurgau
CH;TI;Ticino
CH;UR;Uri
CH;VD;Vaud
CH;VS;Valais
CH;ZG;Zug
CH;ZH;Zurich
CI;AB;Abidjan
CI;BS;Bas-Sassandra
CI;CM;Comoé
CI;DN;Denguélé
CI;GD;Gôh-Djiboua
CI;LC;Lacs
CI;LG;Lagunes
CI;MG;Montagnes
CI;SM;Sassandra-Marahoué
CI;SV;Savanes
CI;VB;ValléeduBandama
CI;WR;Woroba
CI;YM;Yamoussoukro
CI;ZZ;Zanzan
CL;01;I-Iquique
CL;02;II-Antofagasta
CL;03;III-Copiapo
CL;04;IV-LaSerena
CL;05;V-Valparaiso
CL;06;VI-Rancagua
CL;07;VII-Talca
CL;08;VIII-Concepcion
CL;09;IX-Temuco
CL;10;X-PuertoMontt
CL;11;XI-Coyhaique
CL;12;XII-PuntaArenas
CL;13;RM-Santiago
CL;14;XIV-Valdivia
CL;15;XV-Arica
CL;AI;RegiondeAysen
CL;AN;Antofagasta
CL;AP;AricayParinacota
CL;AR;Araucania
CL;AT;Atacama
CL;BI;Bio-Bio
CL;CO;Coquimbo
CL;LI;O'HigginsRegion
CL;LL;LosLagos
CL;LR;LosRios
CL;MA;Magallanes
CL;ML;Maule
CL;NB;Ñuble
CL;RM;Santiago
CL;TA;Tarapaca
CL;VS;Valparaiso
CM;AD;Adamaoua
CM;CE;Centre
CM;EN;FarNorth
CM;ES;East
CM;LT;Littoral
CM;NO;North
CM;NW;North-West
CM;OU;West
CM;SU;South
CM;SW;South-West
CN;010;Beijing
CN;020;Shanghai
CN;030;Tianjin
CN;040;NeiMongol
CN;050;Shanxi
CN;060;Hebei
CN;070;Liaoning
CN;080;Jilin
CN;090;Heilongjiang
CN;100;Jiangsu
CN;110;Anhui
CN;120;Shandong
CN;130;Zhejiang
CN;140;Jiangxi
CN;150;Fujian
CN;160;Hunan
CN;170;Hubei
CN;180;Henan
CN;190;Guangdong
CN;200;Hainan
CN;210;Guangxi
CN;220;Guizhou
CN;230;Sichuan
CN;240;Yunnan
CN;250;Shaanxi
CN;260;Gansu
CN;270;Ningxia
CN;280;Qinghai
CN;290;Xinjiang
CN;300;Xizang
CN;320;ChongQing
CN;330;HongKong
CN;340;Macao
CN;AH;Anhui
CN;BJ;Beijing
CN;CQ;Chongqing
CN;FJ;Fujian
CN;GD;Guangdong
CN;GS;Gansu
CN;GX;Guangxi
CN;GZ;Guizhou
CN;HA;Henan
CN;HB;Hubei
CN;HE;Hebei
CN;HI;Hainan
CN;HK;HongKong
CN;HL;Heilongjiang
CN;HN;Hunan
CN;JL;Jilin
CN;JS;Jiangsu
CN;JX;Jiangxi
CN;LN;Liaoning
CN;MO;Macao
CN;NM;NeiMongol
CN;NX;Ningxia
CN;QH;Qinghai
CN;SC;Sichuan
CN;SD;Shandong
CN;SH;Shanghai
CN;SN;Shaanxi
CN;SX;Shanxi
CN;TJ;Tianjin
CN;TW;Taiwan
CN;XJ;Xinjiang
CN;XZ;Xizang
CN;YN;Yunnan
CN;ZJ;Zhejiang
CO;05;ANTIOQUIA
CO;08;ATLANTICO
CO;11;BOGOTA
CO;13;BOLIVAR
CO;15;BOYACA
CO;17;CALDAS
CO;18;CAQUETA
CO;19;CAUCA
CO;20;CESAR
CO;23;CORDOBA
CO;25;CUNDINAMARCA
CO;27;CHOCO
CO;41;HUILA
CO;44;LAGUAJIRA
CO;47;MAGDALENA
CO;50;META
CO;52;NARINO
CO;54;NORTESANTANDER
CO;63;QUINDIO
CO;66;RISARALDA
CO;68;SANTANDER
CO;70;SUCRE
CO;73;TOLIMA
CO;76;VALLE
CO;81;ARAUCA
CO;85;CASANARE
CO;86;PUTUMAYO
CO;88;SANANDRES
CO;91;AMAZONAS
CO;94;GUAINIA
CO;95;GUAVIARE
CO;97;VAUPES
CO;99;VICHADA
CR;A;Alajuela
CR;C;Cartago
CR;G;Guanacaste
CR;H;Heredia
CR;L;Limón
CR;P;Puntarenas
CR;SJ;SanJosé
CU;01;PinardelRío
CU;03;LaHabana
CU;04;Matanzas
CU;05;VillaClara
CU;06;Cienfuegos
CU;07;SanctiSpíritus
CU;08;CiegodeÁvila
CU;09;Camagüey
CU;10;LasTunas
CU;11;Holguín
CU;12;Granma
CU;13;SantiagodeCuba
CU;14;Guantánamo
CU;15;Artemisa
CU;16;Mayabeque
CU;99;IsladelaJuventud
CV;BR;Brava
CV;BV;BoaVista
CV;CA;SantaCatarina
CV;CF;StCatarinadoFogo
CV;CR;SantaCruz
CV;MA;Maio
CV;MO;Mosteiros
CV;PA;Paul
CV;PN;PortoNovo
CV;PR;Praia
CV;RB;RibeiraBrava
CV;RG;RibeiraGrande
CV;RS;RibeiraGr.Santiago
CV;SD;SãoDomingos
CV;SF;SãoFilipe
CV;SL;Sal
CV;SM;SãoMiguel
CV;SO;SãoLourençoÓrgãos
CV;SS;SãoSalvadorMundo
CV;SV;SãoVicente
CV;TA;Tarrafal
CV;TS;TarrafalSãoNicolau
CY;01;Nicosia
CY;02;Limassol
CY;03;Larnaca
CY;04;Famagusta
CY;05;Paphos
CY;06;Kyrenia
CZ;10;Praha
CZ;11;Praha
CZ;20;Stredocesky
CZ;21;Stredocesky
CZ;31;Jihocesky
CZ;32;Plzensky
CZ;41;Karlovarsky
CZ;42;Ustecky
CZ;51;Liberecky
CZ;52;Kralovehradecky
CZ;53;Pardubicky
CZ;63;Vysocina
CZ;64;Jihomoravsky
CZ;71;Olomoucky
CZ;72;Zlinsky
CZ;80;Moravskoslezsky
CZ;81;Moravskoslezsky
DE;01;Schleswig-Holstein
DE;02;Hamburg
DE;03;LowerSaxony
DE;04;Bremen
DE;05;NrthRhineWestfalia
DE;06;Hessen
DE;07;RhinelandPalatinate
DE;08;Baden-Wurttemberg
DE;09;Bavaria
DE;10;Saarland
DE;11;Berlin
DE;12;Brandenburg
DE;13;Mecklenburg-Vorpomm.
DE;14;Saxony
DE;15;Saxony-Anhalt
DE;16;Thuringia
DE;BB;Brandenburg
DE;BE;Berlin
DE;BW;Baden-Wuerttemberg
DE;BY;Bavaria
DE;HB;Bremen
DE;HE;Hessen
DE;HH;Hamburg
DE;MV;Mecklenburg-Vorpomm.
DE;NI;LowerSaxony
DE;NW;NrthRhineWestfalia
DE;RP;RhinelandPalatinate
DE;SH;Schleswig-Holstein
DE;SL;Saarland
DE;SN;Saxony
DE;ST;Saxony-Anhalt
DE;TH;Thuringia
DJ;AR;Arta
DJ;AS;AliSabieh
DJ;DI;Dikhil
DJ;DJ;Djibouti
DJ;OB;Obock
DJ;TA;Tadjourah
DK;001;DanishCapitalReg.
DK;002;CentralJutland
DK;003;NorthJutland
DK;004;Zealand
DK;005;SouthDenmark
DK;81;NorthDenmark
DK;82;CentralDenmark
DK;83;SouthDenmark
DK;84;DanishCapitalReg.
DK;85;Zealand
DM;02;SaintAndrew
DM;03;SaintDavid
DM;04;SaintGeorge
DM;05;SaintJohn
DM;06;SaintJoseph
DM;07;SaintLuke
DM;08;SaintMark
DM;09;SaintPatrick
DM;10;SaintPaul
DM;11;SaintPeter
DO;01;DistritoNacional
DO;02;Azua
DO;03;Baoruco
DO;04;Barahona
DO;05;Dajabón
DO;06;Duarte
DO;07;ElíasPiña
DO;08;ElSeibo
DO;09;Espaillat
DO;10;Independencia
DO;11;LaAltagracia
DO;12;LaRomana
DO;13;LaVega
DO;14;MaríaTrinidadSánch
DO;15;MonteCristi
DO;16;Pedernales
DO;17;Peravia
DO;18;PuertoPlata
DO;19;HermanasMirabal
DO;20;Samaná
DO;21;SanCristóbal
DO;22;SanJuan
DO;23;SanPedrodeMacorís
DO;24;SánchezRamírez
DO;25;Santiago
DO;26;SantiagoRodríguez
DO;27;Valverde
DO;28;MonseñorNouel
DO;29;MontePlata
DO;30;HatoMayor
DO;31;SanJosédeOcoa
DO;32;SantoDomingo
DZ;01;Adrar
DZ;02;Chlef
DZ;03;Laghouat
DZ;04;OumelBouaghi
DZ;05;Batna
DZ;06;Bejaia
DZ;07;Biskra
DZ;08;Bechar
DZ;09;Blida
DZ;10;Bouira
DZ;11;Tamanrasset
DZ;12;Tebessa
DZ;13;Tlemcen
DZ;14;Tiaret
DZ;15;TiziOuzou
DZ;16;Algier
DZ;17;Djelfa
DZ;18;Jijel
DZ;19;Setif
DZ;20;Saida
DZ;21;Skikda
DZ;22;SidiBelAbbès
DZ;23;Annaba
DZ;24;Guelma
DZ;25;Constantine
DZ;26;Medea
DZ;27;Mostaganem
DZ;28;M'Sila
DZ;29;Muaskar
DZ;30;Ouargla
DZ;31;Oran
DZ;32;ElBayadh
DZ;33;Illizi
DZ;34;BordjBouArreridj
DZ;35;Boumerdes
DZ;36;ElTarf
DZ;37;Tindouf
DZ;38;Tissemsilt
DZ;39;ElOued
DZ;40;Khenchela
DZ;41;SoukAhras
DZ;42;Tipaza
DZ;43;Mila
DZ;44;AinDefla
DZ;45;Naama
DZ;46;AinTemouchent
DZ;47;Ghardaia
DZ;48;Relizane
EC;A;Azuay
EC;B;Bolívar
EC;C;Carchi
EC;D;Orellana
EC;E;Esmeraldas
EC;F;Cañar
EC;G;Guayas
EC;H;Chimborazo
EC;I;Imbabura
EC;L;Loja
EC;M;Manabí
EC;N;Napo
EC;O;ElOro
EC;P;Pinchicha
EC;R;LosRíos
EC;S;MoronaSantiago
EC;SD;StDomingoTsáchilas
EC;SE;SantaElena
EC;T;Tungurahua
EC;U;Sucumbíos
EC;W;Galápagos
EC;X;Cotopaxi
EC;Y;Pastaza
EC;Z;ZamoraChinchipe
EE;37;Harju
EE;39;Hiiu
EE;44;Ida-Viru
EE;49;Jõgeva
EE;51;Järva
EE;57;Lääne
EE;59;Lääne-Viru
EE;65;Põlva
EE;67;Pärnu
EE;70;Rapla
EE;74;Saare
EE;78;Tartu
EE;82;Valga
EE;84;Viljandi
EE;86;Võru
EG;01;Cairo
EG;02;Giza
EG;03;AlSharqia
EG;04;Dakahlia
EG;05;Beheira
EG;06;Qalyubia
EG;07;Minya
EG;08;Alexandria
EG;09;Gharbia
EG;10;Sohag
EG;11;Asyut
EG;12;Monufia
EG;13;Qena
EG;14;KafrEl-Sheikh
EG;15;Faiyum
EG;16;BeniSuef
EG;17;Aswan
EG;18;Damietta
EG;19;Ismailia
EG;20;PortSaid
EG;21;Suez
EG;22;Luxor
EG;23;NorthSinai
EG;24;Matruh
EG;25;RedSea
EG;26;NewValley
EG;27;SouthSinai
EG;ALX;Alexandria
EG;ASN;Aswan
EG;AST;Asyut
EG;BA;RedSea
EG;BH;Beheira
EG;BNS;BeniSuef
EG;C;Cairo
EG;DK;Dakahlia
EG;DT;Damietta
EG;FYM;Faiyum
EG;GH;Gharbia
EG;GZ;Giza
EG;IS;Ismailia
EG;JS;SouthSinai
EG;KB;Qalyubia
EG;KFS;Kafrel-Sheikh
EG;KN;Qena
EG;LX;Luxor
EG;MN;Minya
EG;MNF;Monufia
EG;MT;Matrouh
EG;PTS;PortSaid
EG;SHG;Sohag
EG;SHR;AlSharqia
EG;SIN;NorthSinai
EG;SUZ;Suez
EG;WAD;NewValley
ER;AN;Anseba
ER;DK;SouthernRedSea
ER;DU;Debub
ER;GB;Gash-Barka
ER;MA;Maekel
ER;SK;NorthernRedSea
ES;01;Alava
ES;02;Albacete
ES;03;Alicante
ES;04;Almeria
ES;05;Avila
ES;06;Badajoz
ES;07;Baleares
ES;08;Barcelona
ES;09;Burgos
ES;10;Caceres
ES;11;Cadiz
ES;12;Castellon
ES;13;CiudadReal
ES;14;Cordoba
ES;15;LaCoruna
ES;16;Cuenca
ES;17;Gerona
ES;18;Granada
ES;19;Guadalajara
ES;20;Guipuzcoa
ES;21;Huelva
ES;22;Huesca
ES;23;Jaen
ES;24;Leon
ES;25;Lerida
ES;26;LaRioja
ES;27;Lugo
ES;28;Madrid
ES;29;Malaga
ES;30;Murcia
ES;31;Navarra
ES;32;Orense
ES;33;Asturias
ES;34;Palencia
ES;35;LasPalmas
ES;36;Pontevedra
ES;37;Salamanca
ES;38;Sta.CruzTenerife
ES;39;Cantabria
ES;40;Segovia
ES;41;Sevilla
ES;42;Soria
ES;43;Tarragona
ES;44;Teruel
ES;45;Toledo
ES;46;Valencia
ES;47;Valladolid
ES;48;Vizcaya
ES;49;Zamora
ES;50;Zaragoza
ES;51;Ceuta
ES;52;Melilla
ET;AA;AddisAbaba
ET;AF;Afar
ET;AM;Amara
ET;BE;Benshangul-Gumaz
ET;DD;DireDawa
ET;GA;GambelaPeoples
ET;HA;HarariPeople
ET;OR;Oromia
ET;SN;SouthernPeoples
ET;SO;Somali
ET;TI;Tigrai
FI;01;Aland
FI;02;SouthKarelia
FI;03;SouthernOstrobothni
FI;04;SouthernSavonia
FI;05;Kainuu
FI;06;TavastiaProper
FI;07;CentralOstrobothnia
FI;08;CentralFinland
FI;09;Kymenlaakso
FI;10;Lapland
FI;11;Pirkanmaa
FI;12;Ostrobothnia
FI;13;NorthKarelia
FI;14;North.Ostrobothnia
FI;15;NorthernSavonia
FI;16;PäijänneTavastia
FI;17;Satakunta
FI;18;Uusimaa
FI;19;FinlandProper
FJ;C;Central
FJ;E;Eastern
FJ;N;Northern
FJ;R;Rotuma
FJ;W;Western
FM;KSA;Kosrae
FM;PNI;Pohnpei
FM;TRK;Chuuk
FM;YAP;Yap
FR;01;Ain
FR;02;Aisne
FR;03;Allier
FR;04;Alpes(Hte-Provence)
FR;05;Alpes(Hautes)
FR;06;Alpes-Maritimes
FR;07;Ardeche
FR;08;Ardennes
FR;09;Ariege
FR;10;Aube
FR;11;Aude
FR;12;Aveyron
FR;13;Bouches-du-Rhone
FR;14;Calvados
FR;15;Cantal
FR;16;Charente
FR;17;Charente-Maritime
FR;18;Cher
FR;19;Correze
FR;21;Cote-d'Or
FR;22;Cotes-d'Armor
FR;23;Creuse
FR;24;Dordogne
FR;25;Doubs
FR;26;Drome
FR;27;Eure
FR;28;Eure-et-Loir
FR;29;Finistere
FR;2A;Corse-du-Sud
FR;2B;Corse-du-Nord
FR;30;Gard
FR;31;Garonne(Haute)
FR;32;Gers
FR;33;Gironde
FR;34;Herault
FR;35;Ille-et-Vilaine
FR;36;Indre
FR;37;Indre-et-Loire
FR;38;Isere
FR;39;Jura
FR;40;Landes
FR;41;Loir-et-Cher
FR;42;Loire
FR;43;Loire(Haute)
FR;44;Loire-Atlantique
FR;45;Loiret
FR;46;Lot
FR;47;Lot-et-Garonne
FR;48;Lozere
FR;49;Maine-et-Loire
FR;50;Manche
FR;51;Marne
FR;52;Marne(Haute)
FR;53;Mayenne
FR;54;Meurthe-et-Moselle
FR;55;Meuse
FR;56;Morbihan
FR;57;Moselle
FR;58;Nievre
FR;59;Nord
FR;60;Oise
FR;61;Orne
FR;62;Pas-de-Calais
FR;63;Puy-de-Dome
FR;64;Pyrenees-Atlantiques
FR;65;Pyrenees(Hautes)
FR;66;Pyrenees-Orientales
FR;67;Bas-Rhin
FR;68;Haut-Rhin
FR;69;Rhone
FR;70;Saone(Haute)
FR;71;Saone-et-Loire
FR;72;Sarthe
FR;73;Savoie
FR;74;Savoie(Haute)
FR;75;Paris
FR;76;Seine-Maritime
FR;77;Seine-et-Marne
FR;78;Yvelines
FR;79;Sevres(Deux)
FR;80;Somme
FR;81;Tarn
FR;82;Tarn-et-Garonne
FR;83;Var
FR;84;Vaucluse
FR;85;Vendee
FR;86;Vienne
FR;87;Vienne(Haute)
FR;88;Vosges
FR;89;Yonne
FR;90;Territ.-de-Belfort
FR;91;Essonne
FR;92;Hauts-de-Seine
FR;93;Seine-Saint-Denis
FR;94;Val-de-Marne
FR;95;Val-d'Oise
FR;971;Guadeloupe
FR;972;Martinique
FR;973;Guyane
IN;RJ;Rajasthan
IN;SK;Sikkim
IN;TG;Telangana
IN;TN;TamilNadu
IN;TR;Tripura
IN;UP;UttarPradesh
IN;UT;Uttarakhand
IN;WB;WestBengal
IQ;AN;Al-Anbar
IQ;AR;Arbil
IQ;BA;Basra
IQ;BB;Babil
IQ;BG;Baghdad
IQ;DA;Dahuk
IQ;DI;Diyala
IQ;DQ;DhiQar
IQ;KA;Karbala
IQ;KI;Kirkuk
IQ;MA;Maisan
IQ;MU;Al-Muthanna
IQ;NA;AnNajaf
IQ;NI;Ninawa
IQ;QA;Al-Qadisiyya
IQ;SD;Salahad-Din
IQ;SU;As-Sulaimaniyya
IQ;WA;Al-Wasit
IR;01;EastAzerbaijan
IR;02;WestAzerbaijan
IR;03;Ardabil
IR;04;Isfahan
IR;05;Ilam
IR;06;Bushehr
IR;07;Tehran
IR;08;Chaharmahal/Bakhtiar
IR;10;Khuzestan
IR;11;Zanjan
IR;12;Semnan
IR;13;Sistan/Baluchestan
IR;14;Fars
IR;15;Kerman
IR;16;Kurdistan
IR;17;Kermanshah
IR;18;KohgiluyehBoyerAhm.
IR;19;Gilan
IR;20;Lorestan
IR;21;Mazandaran
IR;22;Markazi
IR;23;Hormozgan
IR;24;Hamadan
IR;25;Yazd
IR;26;Qom
IR;27;Golestān
IR;28;Qazvin
IR;29;SouthKhorasan
IR;30;RazaviKhorasan
IR;31;NorthKhorasan
IR;32;Alborz
IS;1;CapitalRegion
IS;2;SouthernPeninsula
IS;3;Western(Vesturland)
IS;4;Westfjords
IS;5;NorthwesternRegion
IS;6;NortheasternRegion
IS;7;Eastern(Austurland)
IS;8;Southern(Suðurland)
IT;AG;Agrigento
IT;AL;Alessandria
IT;AN;Ancona
IT;AP;AscoliPiceno
IT;AQ;L'Aquila
IT;AR;Arezzo
IT;AT;Asti
IT;AV;Avellino
IT;BA;Bari
IT;BG;Bergamo
IT;BI;Biella
IT;BL;Belluno
IT;BN;Benevento
IT;BO;Bologna
IT;BR;Brindisi
IT;BS;Brescia
IT;BT;Barletta-Andria-Tr.
IT;BZ;Bolzano
IT;CA;Cagliari
IT;CB;Campobasso
IT;CE;Caserta
IT;CH;Chieti
IT;CL;Caltanisetta
IT;CN;Cuneo
IT;CO;Como
IT;CR;Cremona
IT;CS;Cosenza
IT;CT;Catania
IT;CZ;Catanzaro
IT;EE;StatiEsteri
IT;EN;Enna
IT;FC;Forli/Cesana
IT;FE;Ferrara
IT;FG;Foggia
IT;FI;Florence
IT;FM;Fermo
IT;FR;Frosinone
IT;FU;Fiume
IT;GE;Genova
IT;GR;Grosseto
IT;IM;Imperia
IT;IS;Isernia
IT;KR;Crotone
IT;LC;Lecco
IT;LE;Lecce
IT;LI;Livorno
IT;LO;Lodi
IT;LT;Latina
IT;LU;Lucca
IT;MB;MonzaeBrianza
IT;MC;Macerata
IT;ME;Messina
IT;MI;Milan
IT;MN;Mantova
IT;MO;Modena
IT;MS;MassaCarrara
IT;MT;Matera
IT;NA;Naples
IT;NO;Novara
IT;NU;Nuoro
IT;OR;Oristano
IT;PA;Palermo
IT;PC;Piacenza
IT;PD;Padova
IT;PE;Pescara
IT;PG;Perugia
IT;PI;Pisa
IT;PL;Pola
IT;PO;Prato
IT;PR;Parma
IT;PT;Pistoia
IT;PU;Pesaro-Urbino
IT;PV;Pavia
IT;PZ;Potenza
IT;RA;Ravenna
IT;RC;ReggioCalabria
IT;RE;ReggioEmilia
IT;RG;Ragusa
IT;RI;Rieti
IT;RM;Rome
IT;RN;Rimini
IT;RO;Rovigo
IT;SA;Salerno
IT;SD;SouthSardinia
IT;SI;Siena
IT;SO;Sondrio
IT;SP;LaSpezia
IT;SR;Siracusa
IT;SS;Sassari
IT;SV;Savona
IT;TA;Taranto
IT;TE;Teramo
IT;TN;Trento
IT;TO;Turin
IT;TP;Trapani
IT;TR;Terni
IT;TV;Treviso
IT;VA;Varese
IT;VB;Verbania
IT;VC;Vercelli
IT;VE;Venice
IT;VI;Vicenza
IT;VR;Verona
IT;VT;Viterbo
IT;VV;ViboValentia
IT;ZA;Zara
JM;01;Kingston
JM;02;SaintAndrew
JM;03;SaintThomas
JM;04;Portland
JM;05;SaintMary
JM;06;SaintAnn
JM;07;Trelawny
JM;08;SaintJames
JM;09;Hanover
JM;10;Westmoreland
JM;11;SaintElizabeth
JM;12;Manchester
JM;13;Clarendon
JM;14;SaintCatherine
JO;AJ;Ajloun
JO;AM;Amman
JO;AQ;Aqaba
JO;AT;Tafila
JO;AZ;Zarqa
JO;BA;Balqa
JO;IR;Irbid
JO;JA;Jarash
JO;KA;Karak
JO;MA;Mafraq
JO;MD;Madaba
JO;MN;Ma'an
JP;01;Hokkaido
JP;02;Aomori
JP;03;Iwate
JP;04;Miyagi
JP;05;Akita
JP;06;Yamagata
JP;07;Fukushima
JP;08;Ibaraki
JP;09;Tochigi
JP;10;Gunma
JP;11;Saitama
JP;12;Chiba
JP;13;Tokyo
JP;14;Kanagawa
JP;15;Niigata
JP;16;Toyama
JP;17;Ishikawa
JP;18;Fukui
JP;19;Yamanashi
JP;20;Nagano
JP;21;Gifu
JP;22;Shizuoka
JP;23;Aichi
JP;24;Mie
JP;25;Shiga
JP;26;Kyoto
JP;27;Osaka
JP;28;Hyogo
JP;29;Nara
JP;30;Wakayama
JP;31;Tottori
JP;32;Shimane
JP;33;Okayama
JP;34;Hiroshima
JP;35;Yamaguchi
JP;36;Tokushima
JP;37;Kagawa
JP;38;Ehime
JP;39;Kochi
JP;40;Fukuoka
JP;41;Saga
JP;42;Nagasaki
JP;43;Kumamoto
JP;44;Oita
JP;45;Miyazaki
JP;46;Kagoshima
JP;47;Okinawa
KE;01;Baringo
KE;02;Bomet
KE;03;Bungoma
KE;04;Busia
KE;05;Elgeyo/Marakwet
KE;06;Embu
KE;07;Garissa
KE;08;HomaBay
KE;09;Isiolo
KE;10;Kajiado
KE;11;Kakamega
KE;12;Kericho
KE;13;Kiambu
KE;14;Kilifi
KE;15;Kirinyaga
KE;16;Kisii
KE;17;Kisumu
KE;18;Kitui
KE;19;Kwale
KE;20;Laikipia
KE;21;Lamu
KE;22;Machakos
KE;23;Makueni
KE;24;Mandera
KE;25;Marsabit
KE;26;Meru
KE;27;Migori
KE;28;Mombasa
KE;29;Murang'a
KE;30;NairobiCity
KE;31;Nakuru
KE;32;Nandi
KE;33;Narok
KE;34;Nyamira
KE;35;Nyandarua
KE;36;Nyeri
KE;37;Samburu
KE;38;Siaya
KE;39;Taita/Taveta
KE;40;TanaRiver
KE;41;Tharaka-Nithi
KE;42;TransNzoia
KE;43;Turkana
KE;44;UasinGishu
KE;45;Vihiga
KE;46;Wajir
KE;47;WestPokot
KG;B;Batken
KG;C;Chuy
KG;GB;Bishkek
KG;GO;OshCity
KG;J;Jalal-Abad
KG;N;Naryn
KG;O;Oshregion
KG;T;Talas
KG;Y;Ysyk-Kul
KH;1;BanteayMeanChey
KH;10;Kracheh
KH;11;MondolKiri
KH;12;PhnomPenh
KH;13;PreahVihear
KH;14;PreyVeaeng
KH;15;Pousaat
KH;16;RotanakKiri
KH;17;SiemReab
KH;18;PreahSihanouk
KH;19;StuengTraeng
KH;2;BaatDambang
KH;20;SvaayRieng
KH;21;Taakaev
KH;22;OtdarMeanChey
KH;23;Kaeb
KH;24;Pailin
KH;25;TbongKhmum
KH;3;KampongChaam
KH;4;KampongChhnang
KH;5;KampongSpueu
KH;6;KampongThum
KH;7;Kampot
KH;8;Kandaal
KH;9;KaohKong
KI;G;GilbertIslands
KI;L;LineIslands
KI;P;PhoenixIslands
KM;A;Anjouan
KM;G;GrandeComore
KM;M;Mohéli
KN;01;ChristChurchNicholaT
KN;02;StAnneSandyPoint
KN;03;StGeorgeBasseterre
KN;04;StGeorgeGingerland
KN;05;StJamesWindward
KN;06;StJohnCapisterre
KN;07;StJohnFigtree
KN;08;StMaryCayon
KN;09;StPaulCapisterre
KN;10;StPaulCharlestown
KN;11;StPeterBasseterre
KN;12;StThomasLowland
KN;13;StThomasMid.Island
KN;15;TrinityPalmettoPt.
KP;01;Pyongyang
KP;02;SouthPyongan
KP;03;NorthPyongan
KP;04;Chagang
KP;05;SouthHwanghae
KP;06;NorthHwanghae
KP;07;Kangwon
KP;08;SouthHamgyong
KP;09;NorthHamgyong
KP;10;Ryanggang
KP;13;Rason
KP;14;Nampho
KR;01;Jeju
KR;02;Jeollabukdo
KR;03;Jeollanamdo
KR;04;Chungcheongbukdo
KR;05;Chungcheongnamdo
KR;06;Incheon
KR;07;Gangwondo
KR;08;Gwangju
KR;09;Gyeonggido
KR;10;Gyeongsangbukdo
KR;11;Seoul
KR;12;Busan
KR;13;Seoul
KR;14;Daegu
KR;15;Daejeon
KR;16;Ulsan
KR;17;Sejong
KR;26;Busan
KR;27;Daegu
KR;28;Incheon
KR;29;Gwangju
KR;30;Daejeon
KR;31;Ulsan
KR;41;Gyeonggi
KR;42;Gangwon
KR;43;NorthChungcheong
KR;44;SouthChungcheong
KR;45;NorthJeolla
KR;46;SouthJeolla
KR;47;NorthGyeongsang
KR;48;SouthGyeongsang
KR;49;Jeju
KR;50;Sejong
KW;AH;AlAhmadi
KW;FA;AlFarwaniyah
KW;HA;Hawalli
KW;JA;AlJahra
KW;KU;AlKuwayt(AlAsimah)
KW;KW;KuwaitCity
KW;MU;MubarakalKabir
KZ;AKM;Akmolaregion
KZ;AKT;Aktoberegion
KZ;ALA;Almaty
KZ;ALM;AlmatyRegion
KZ;AST;Astana
KZ;ATY;Atyrauregion
KZ;BAY;Baikonur
KZ;KAR;Karagandyregion
KZ;KUS;Kostanayregion
KZ;KZY;Kyzylordaregion
KZ;MAN;Manghystauregion
KZ;PAV;Pavlodarregion
KZ;SEV;North-Kazakhstanreg
KZ;SHY;Shymkent
KZ;VOS;East-Kazakhstanregi
KZ;ZAP;West-Kazakhstanregi
KZ;ZHA;Zhambylregion
LA;AT;Attapu
LA;BK;Bokèo
LA;BL;Bolikhamxai
LA;CH;Champasak
LA;HO;Houaphan
LA;KH;Khammouan
LA;LM;LouangNamtha
LA;LP;Luangphabang
LA;OU;Oudômxai
LA;PH;Phôngsali
LA;SL;Salavan
LA;SV;Savannakhét
LA;VI;Vientiane
LA;VT;VientianePrefecture
LA;XA;Xaignabouli
LA;XE;Xékong
LA;XI;Xiangkhouang
LA;XS;Xaisômboun
LB;AK;Akkar
LB;AS;North-Lebanon
LB;BA;Beirut
LB;BH;Baalbek-Hermel
LB;BI;Béqaa
LB;JA;South-Lebanon
LB;JL;MountLebanon
LB;NA;Nabatieh
LI;01;Balzers
LI;02;Eschen
LI;03;Gamprin
LI;04;Mauren
LI;05;Planken
LI;06;Ruggell
LI;07;Schaan
LI;08;Schellenberg
LI;09;Triesen
LI;10;Triesenberg
LI;11;Vaduz
LK;11;Colombo
LK;12;Gampaha
LK;13;Kalutara
LK;21;Kandy
LK;22;Matale
LK;23;NuwaraEliya
LK;31;Galle
LK;32;Matara
LK;33;Hambantota
LK;41;Jaffna
LK;42;Kilinochchi
LK;43;Mannar
LK;44;Vavuniya
LK;45;Mullaitivu
LK;51;Batticaola
LK;52;Ampara
LK;53;Trincomalee
LK;61;Kurunegala
LK;62;Puttalam
LK;71;Arunadhapura
LK;72;Polonnaruwa
LK;81;Badulla
LK;82;Moneragala
LK;91;Ratnapura
LK;92;Kegalle
LR;BG;Bong
LR;BM;Bomi
LR;CM;GrandCapeMount
LR;GB;GrandBassa
LR;GG;GrandGedeh
LR;GK;GrandKru
LR;GP;Gbarpolu
LR;LO;Lofa
LR;MG;Margibi
LR;MO;Montserrado
LR;MY;Maryland
LR;NI;Nimba
LR;RG;RiverGee
LR;RI;RiverCess
LR;SI;Sinoe
LS;A;Maseru
LS;B;Butha-Buthe
LS;C;Leribe
LS;D;Berea
LS;E;Mafeteng
LS;F;Mohale'sHoek
LS;G;Quthing
LS;H;Qacha'sNek
LS;J;Mokhotlong
LS;K;Thaba-Tseka
LT;AL;AlytusCounty
LT;KL;KlaipėdaCounty
LT;KU;KaunasCounty
LT;MR;MarijampolėCounty
LT;PN;PanevėžysCounty
LT;SA;SiauliaiCounty
LT;TA;TauragėCounty
LT;TE;TelšiaiCounty
LT;UT;UtenaCounty
LT;VL;VilniusCounty
LU;CA;Capellen
LU;CL;Clerf
LU;DI;Diekirch
LU;EC;Echternach
LU;ES;EschanderAlzette
LU;GR;Grevenmacher
LU;LU;Luxemburg
LU;ME;Mersch
LU;RD;Redingen
LU;RM;Remich
LU;VD;Vianden
LU;WI;Wiltz
LV;001;Aglona
LV;002;Aizkraukle
LV;003;Aizpute
LV;004;Aknīste
LV;005;Aloja
LV;006;Alsunga
LV;007;Alūksne
LV;008;Amata
LV;009;Ape
LV;010;Auce
LV;011;Ādaži
LV;012;Babīte
LV;013;Baldone
LV;014;Baltinava
LV;015;Balvi
LV;016;Bauska
LV;017;Beverīna
LV;018;Brocēni
LV;019;Burtnieki
LV;020;Carnikava
LV;021;Cesvaine
LV;022;Cēsis
LV;023;Cibla
LV;024;Dagda
LV;025;Daugavpils
LV;026;Dobele
LV;027;Dundaga
LV;028;Durbe
LV;029;Engure
LV;030;Ērgļi
LV;031;Garkalne
LV;032;Grobiņa
LV;033;Gulbene
LV;034;Iecava
LV;035;Ikšķile
LV;036;Ilūkste
LV;037;Inčukalns
LV;038;Jaunjelgava
LV;039;Jaunpiebalga
LV;040;Jaunpils
LV;041;Jelgava
LV;042;Jēkabpils
LV;043;Kandava
LV;044;Kārsava
LV;045;Kocēni
LV;046;Koknese
LV;047;Krāslava
LV;048;Krimulda
LV;049;Krustpils
LV;050;Kuldīga
LV;051;Ķegums
LV;052;Ķekava
LV;053;Lielvārde
LV;054;Limbaži
LV;055;Līgatne
LV;056;Līvāni
LV;057;Lubāna
LV;058;Ludza
LV;059;Madona
LV;060;Mazsalaca
LV;061;Mālpils
LV;062;Mārupe
LV;063;Mērsrags
LV;064;Naukšēni
LV;065;Nereta
LV;066;Nīca
LV;067;Ogre
LV;068;Olaine
LV;069;Ozolnieki
LV;070;Pārgauja
LV;071;Pāvilosta
LV;072;Pļaviņas
LV;073;Preiļi
LV;074;Priekule
LV;075;Priekuļi
LV;076;Rauna
LV;077;Rēzekne
LV;078;Riebiņi
LV;079;Roja
LV;080;Ropaži
LV;081;Rucava
LV;082;Rugāji
LV;083;Rundāle
LV;084;Rūjiena
LV;085;Sala
LV;086;Salacgrīva
LV;087;Salaspils
LV;088;Saldus
LV;089;Saulkrasti
LV;090;Sēja
LV;091;Sigulda
LV;092;Skrīveri
LV;093;Skrunda
LV;094;Smiltene
LV;095;Stopiņi
LV;096;Strenči
LV;097;Talsi
LV;098;Tērvete
LV;099;Tukums
LV;100;Vaiņode
LV;101;Valka
LV;102;Varakļāni
LV;103;Vārkava
LV;104;Vecpiebalga
LV;105;Vecumnieki
LV;106;Ventspils
LV;107;Viesīte
LV;108;Viļaka
LV;109;Viļāni
LV;110;Zilupe
LV;DGV;Daugavpils
LV;JEL;Jelgava
LV;JKB;Jēkabpils
LV;JUR;Jūrmala
LV;LPX;Liepāja
LV;REZ;Rēzekne
LV;RIX;Rīga
LV;VEN;Ventspils
LV;VMR;Valmiera
LY;BA;Benghazi
LY;BU;Butnan
LY;DR;Darnah
LY;GT;Ghat
LY;JA;JabalalAkhdar
LY;JG;JabalalGharbi
LY;JI;AlJfara
LY;JU;Jufrah
LY;KF;Kufrah
LY;MB;Murqub
LY;MI;Misurata
LY;MJ;Marj
LY;MQ;Murzuq
LY;NL;Nalut
LY;NQ;NuqatalKhams
LY;SB;Sabha
LY;SR;Surt
LY;TB;Tarabulus
LY;WA;AlWahat
LY;WD;WadialHayaa
LY;WS;WadialShati
LY;ZA;Zawiya
MA;01;TangerTétouanAlHoceï
MA;02;L'Oriental
MA;03;Fès-Meknès
MA;04;Rabat-Salé-Kénitra
MA;05;BéniMellal-Khénifra
MA;06;Casablanca-Settat
MA;07;Marrakech-Safi
MA;08;Drâa-Tafilalet
MA;09;Souss-Massa
MA;10;Guelmim-OuedNoun
MA;11;LaâyouneSakiaElHamra
MA;12;Dakhla-OuedEd-Dahab
MD;AN;AneniiNoi
MD;BA;Bălţi
MD;BD;Bender[Tighina]
MD;BR;Briceni
MD;BS;Basarabeasca
MD;CA;Cahul
MD;CL;Călăraşi
MD;CM;Cimişlia
MD;CR;Criuleni
MD;CS;Căuşeni
MD;CT;Cantemir
MD;CU;Chişinău
MD;DO;Donduşeni
MD;DR;Drochia
MD;DU;Dubăsari
MD;ED;Edineţ
MD;FA;Făleşti
MD;FL;Floreşti
MD;GA;Găgăuzia(UTAG)
MD;GL;Glodeni
MD;HI;Hînceşti
MD;IA;Ialoveni
MD;LE;Leova
MD;NI;Nisporeni
MD;OC;Ocniţa
MD;OR;Orhei
MD;RE;Rezina
MD;RI;Rîşcani
MD;SD;Şoldăneşti
MD;SI;Sîngerei
MD;SN;StîngaNistruluiUTD
MD;SO;Soroca
MD;ST;Străşeni
MD;SV;ŞtefanVodă
MD;TA;Taraclia
MD;TE;Teleneşti
MD;UN;Ungheni
ME;01;Andrijevica
ME;02;Bar
ME;03;Berane
ME;04;BijeloPolje
ME;05;Budva
ME;06;Cetinje
ME;07;Danilovgrad
ME;08;Herceg-Novi
ME;09;Kolašin
ME;10;Kotor
ME;11;Mojkovac
ME;12;Nikšić
ME;13;Plav
ME;14;Pljevlja
ME;15;Plužine
ME;16;Podgorica
ME;17;Rožaje
ME;18;Šavnik
ME;19;Tivat
ME;20;Ulcinj
ME;21;Žabljak
ME;22;Gusinje
ME;23;Petnjica
ME;24;Tuzi
MG;A;Toamasina
MG;D;Antisiranana
MG;F;Fianarantsoa
MG;M;Mahajanga
MG;T;Antananarivo
MG;U;Toliara
MK;02;Obsolete
MK;03;Obsolete
MK;04;Obsolete
MK;05;Obsolete
MK;06;Obsolete
MK;07;Obsolete
MK;08;Obsolete
MK;10;Obsolete
MK;101;Veles
MK;102;Gradsko
MK;103;DemirKapija
MK;104;Kavadarci
MK;105;Lozovo
MK;106;Negotino
MK;107;Rosoman
MK;108;SvetiNikole
MK;109;Čaška
MK;11;Obsolete
MK;12;Obsolete
MK;13;Obsolete
MK;14;Obsolete
MK;16;Obsolete
MK;18;Obsolete
MK;19;Obsolete
MK;20;Obsolete
MK;201;Berovo
MK;202;Vinica
MK;203;Delčevo
MK;204;Zrnovci
MK;205;Karbinci
MK;206;Kočani
MK;207;MakedonskaKamenica
MK;208;Pehčevo
MK;209;Probištip
MK;21;Obsolete
MK;210;Češinovo-Obleševo
MK;211;Štip
MK;22;Obsolete
MK;23;Obsolete
MK;24;Obsolete
MK;25;Obsolete
MK;26;Obsolete
MK;27;Obsolete
MK;30;Obsolete
MK;301;Vevčani
MK;303;Debar
MK;304;Debrca
MK;307;Kičevo
MK;308;MakedonskiBrod
MK;310;Ohrid
MK;311;Plasnica
MK;312;Struga
MK;313;CentarŽupa
MK;32;Obsolete
MK;33;Obsolete
MK;34;Obsolete
MK;35;Obsolete
MK;36;Obsolete
MK;37;Obsolete
MK;40;Obsolete
MK;401;Bogdanci
MK;402;Bosilovo
MK;403;Valandovo
MK;404;Vasilevo
MK;405;Gevgelija
MK;406;Dojran
MK;407;Konče
MK;408;NovoSelo
MK;409;Radoviš
MK;41;Obsolete
MK;410;Strumica
MK;42;Obsolete
MK;43;Obsolete
MK;44;Obsolete
MK;45;Obsolete
MK;46;Obsolete
MK;47;Obsolete
MK;48;Obsolete
MK;49;Obsolete
MK;50;Obsolete
MK;501;Bitola
MK;502;DemirHisar
FR;974;Reunion
FR;975;Saint-Pierre-et-Miq.
FR;976;Mayotte
FR;977;SaintBarthelemy
FR;978;SaintMartin
FR;984;FrenchSouth.Terr.
FR;986;Wallis-et-Futuna
FR;987;FrenchPolynesia
FR;988;NewCaledonia
GA;1;Estuaire
GA;2;Haut-Ogooué
GA;3;Moyen-Ogooué
GA;4;Ngounié
GA;5;Nyanga
GA;6;Ogooué-Ivindo
GA;7;Ogooué-Lolo
GA;8;Ogooué-Maritime
GA;9;Woleu-Ntem
GB;ABC;Armagh,Banb.&Craig.
GB;ABD;Aberdeenshire
GB;ABE;AberdeenCity
GB;AGB;ArgyllandBute
GB;AGY;IsleofAnglesey
GB;AND;Ards&NorthDown
GB;ANN;Antrim&Newtona.
GB;ANS;Angus
GB;BAS;BathandNorthEast
GB;BBD;BlackburnwithDarwe
GB;BDF;Bedford
GB;BDG;BarkingandDagenham
GB;BEN;Brent
GB;BEX;Bexley
GB;BFS;Belfast
GB;BGE;Bridgend
GB;BGW;BlaenauGwent
GB;BIR;Birmingham
GB;BKM;Buckinghamshire
GB;BMH;Bournemouth
GB;BNE;Barnet
GB;BNH;BrightonandHove
GB;BNS;Barnsley
GB;BOL;Bolton
GB;BPL;Blackpool
GB;BRC;BracknellForest
GB;BRD;Bradford
GB;BRY;Bromley
GB;BST;Bristol,Cityof
GB;BUR;Bury
GB;CAM;Cambridgeshire
GB;CAY;Caerphilly
GB;CBF;CentralBedfordshire
GB;CCG;CausewayC.&Glens
GB;CGN;Ceredigion
GB;CHE;CheshireEast
GB;CHW;WCheshire&Chester
GB;CLD;Calderdale
GB;CLK;Clackmannanshire
GB;CMA;Cumbria
GB;CMD;Camden
GB;CMN;Carmarthenshire
GB;CON;Cornwall
GB;COV;Coventry
GB;CRF;Cardiff
GB;CRY;Croydon
GB;CWY;Conwy
GB;DAL;Darlington
GB;DBY;Derbyshire
GB;DEN;Denbighshire
GB;DER;Derby
GB;DEV;Devon
GB;DGY;Dumfries&Galloway
GB;DNC;Doncaster
GB;DND;DundeeCity
GB;DOR;Dorset
GB;DRS;Derry&Strabane
GB;DUD;Dudley
GB;DUR;Durham,County
GB;EAL;Ealing
GB;EAY;EastAyrshire
GB;EDH;Edinburgh
GB;EDU;EastDunbartonshire
GB;ELN;EastLothian
GB;ELS;EileanSiar
GB;ENF;Enfield
GB;ERW;EastRenfrewshire
GB;ERY;EastRidingofYork
GB;ESS;Essex
GB;ESX;EastSussex
GB;FAL;Falkirk
GB;FIF;Fife
GB;FLN;Flintshire
GB;FMO;Fermanagh&Omagh
GB;GAT;Gateshead
GB;GLG;GlasgowCity
GB;GLS;Gloucestershire
GB;GRE;Greenwich
GB;GWN;Gwynedd
GB;HAL;Halton
GB;HAM;Hampshire
GB;HAV;Havering
GB;HCK;Hackney
GB;HEF;Herefordshire
GB;HIL;Hillingdon
GB;HLD;Highland
GB;HMF;Hammersm&Fulham
GB;HNS;Hounslow
GB;HPL;Hartlepool
GB;HRT;Hertfordshire
GB;HRW;Harrow
GB;HRY;Haringey
GB;IOS;IslesofScilly
GB;IOW;IsleofWight
GB;ISL;Islington
GB;IVC;Inverclyde
GB;KEC;Kensington&Chelsea
GB;KEN;Kent
GB;KHL;KingstonuponHull
GB;KIR;Kirklees
GB;KTT;KingstonuponThames
GB;KWL;Knowsley
GB;LAN;Lancashire
GB;LBC;Lisburn&Castlereagh
GB;LBH;Lambeth
GB;LCE;Leicester
GB;LDS;Leeds
GB;LEC;Leicestershire
GB;LEW;Lewisham
GB;LIN;Lincolnshire
GB;LIV;Liverpool
GB;LND;London
GB;LUT;Luton
GB;MAN;Manchester
GB;MDB;Middlesbrough
GB;MDW;Medway
GB;MEA;Mid&EastAntrim
GB;MIK;MiltonKeynes
GB;MLN;Midlothian
GB;MON;Monmouthshire
GB;MRT;Merton
GB;MRY;Moray
GB;MTY;MerthyrTydfil
GB;MUL;MidUlster
GB;NAY;NorthAyrshire
GB;NBL;Northumberland
GB;NEL;NELincolnshire
GB;NET;NewcastleuponTyne
GB;NFK;Norfolk
GB;NGM;Nottingham
GB;NLK;NorthLanarkshire
GB;NLN;NorthLincolnshire
GB;NMD;Newry,Mourne&D.
GB;NSM;NorthSomerset
GB;NTH;Northamptonshire
GB;NTL;NeathPortTalbot[C
GB;NTT;Nottinghamshire
GB;NTY;NorthTyneside
GB;NWM;Newham
GB;NWP;Newport
GB;NYK;NorthYorkshire
GB;OLD;Oldham
GB;ORK;OrkneyIslands
GB;OXF;Oxfordshire
GB;PEM;Pembrokeshire
GB;PKN;PerthandKinross
GB;PLY;Plymouth
GB;POL;Poole
GB;POR;Portsmouth
GB;POW;Powys
GB;PTE;Peterborough
GB;RCC;RedcarandCleveland
GB;RCH;Rochdale
GB;RCT;Rhondda,Cynon,Taff
GB;RDB;Redbridge
GB;RDG;Reading
GB;RFW;Renfrewshire
GB;RIC;RichmonduponThames
GB;ROT;Rotherham
GB;RUT;Rutland
GB;SAW;Sandwell
GB;SAY;SouthAyrshire
GB;SCB;ScottishBorders
GB;SFK;Suffolk
GB;SFT;Sefton
GB;SGC;SGloucestershire
GB;SHF;Sheffield
GB;SHN;SaintHelens
GB;SHR;Shropshire
GB;SKP;Stockport
GB;SLF;Salford
GB;SLG;Slough
GB;SLK;SouthLanarkshire
GB;SND;Sunderland
GB;SOL;Solihull
GB;SOM;Somerset
GB;SOS;Southend-on-Sea
GB;SRY;Surrey
GB;STE;Stoke-on-Trent
GB;STG;Stirling
GB;STH;Southampton
GB;STN;Sutton
GB;STS;Staffordshire
GB;STT;Stockton-on-Tees
GB;STY;SouthTyneside
GB;SWA;Swansea
GB;SWD;Swindon
GB;SWK;Southwark
GB;TAM;Tameside
GB;TFW;TelfordandWrekin
GB;THR;Thurrock
GB;TOB;Torbay
GB;TOF;Torfaen
GB;TRF;Trafford
GB;TWH;TowerHamlets
GB;VGL;ValeofGlamorgan
GB;WAR;Warwickshire
GB;WBK;WestBerkshire
GB;WDU;WestDunbartonshire
GB;WFT;WalthamForest
GB;WGN;Wigan
GB;WIL;Wiltshire
GB;WKF;Wakefield
GB;WLL;Walsall
GB;WLN;WestLothian
GB;WLV;Wolverhampton
GB;WND;Wandsworth
GB;WNM;Windsor&Maidenhead
GB;WOK;Wokingham
GB;WOR;Worcestershire
GB;WRL;Wirral
GB;WRT;Warrington
GB;WRX;Wrexham
GB;WSM;Westminster
GB;WSX;WestSussex
GB;YOR;York
GB;ZET;ShetlandIslands
GD;01;SaintAndrew
GD;02;SaintDavid
GD;03;SaintGeorge
GD;04;SaintJohn
GD;05;SaintMark
GD;06;SaintPatrick
GD;10;Carriacou
GE;AB;Abkhazia
GE;AJ;Ajaria
GE;GU;Guria
GE;IM;Imereti
GE;KA;Kakheti
GE;KK;KvemoKartli
GE;MM;Mtskheta-Mtianeti
GE;RL;Racha-Lechkh./Kvemo
GE;SJ;Samtskhe-Javakheti
GE;SK;ShidaKartli
GE;SZ;Samegrelo-ZemoSvan
GE;TB;Tbilisi
GH;AA;GreaterAccra
GH;AF;Ahafo
GH;AH;Ashanti
GH;BE;BonoEast
GH;BO;Bono
GH;CP;Central
GH;EP;Eastern
GH;NE;NorthEast
GH;NP;Northern
GH;OT;Oti
GH;SV;Savannah
GH;TV;Volta
GH;UE;UpperEast
GH;UW;UpperWest
GH;WN;WesternNorth
GH;WP;Western
GM;B;Banjul
GM;L;LowerRiver
GM;M;CentralRiver
GM;N;NorthBank
GM;U;UpperRiver
GM;W;Western
GN;B;Boké
GN;C;Conakry
GN;D;Kindia
GN;F;Faranah
GN;K;Kankan
GN;L;Labé
GN;M;Mamou
GN;N;Nzérékoré
GQ;AN;Annobón
GQ;BN;BiokoNorte
GQ;BS;BiokoSur
GQ;CS;CentroSur
GQ;KN;Kié-Ntem
GQ;LI;Litoral
GQ;WN;Wele-Nzas
GR;01;AitoliakaiAkarnan.
GR;02;Akhaia
GR;03;Argolis
GR;04;Arkadhia
GR;05;Arta
GR;06;Attiki
GR;07;Dhodhekanisos
GR;08;Dhrama
GR;09;Evritania
GR;10;Evros
GR;11;Evvoia
GR;12;Florina
GR;13;Fokis
GR;14;Fthiotis
GR;15;Grevena
GR;16;Ilia
GR;17;Imathia
GR;18;Ioannina
GR;19;Iraklion
GR;20;Kardhitsa
GR;21;Kastoria
GR;22;Kavala
GR;23;Kefallinia
GR;24;Kerkira
GR;25;Khalkidhiki
GR;26;Khania
GR;27;Khios
GR;28;Kikladhes
GR;29;Kilkis
GR;30;Korinthia
GR;31;Kozani
GR;32;Lakonia
GR;33;Larisa
GR;34;Lasithi
GR;35;Lesvos
GR;36;Levkas
GR;37;Magnisia
GR;38;Messinia
GR;39;Pella
GR;40;Pieria
GR;41;Piraievs
GR;42;Preveza
GR;43;Rethimni
GR;44;Rodhopi
GR;45;Samos
GR;46;Serrai
GR;47;Thesprotia
GR;48;Thessaloniki
GR;49;Trikala
GR;50;Voiotia
GR;51;Xanthi
GR;52;Zakinthos
GR;69;AgioOros
GR;A;AnatolikíMakedonía
GR;B;KentrikíMakedonía
GR;C;DytikíMakedonía
GR;D;Ípeiros
GR;E;Thessalía
GR;F;IoníaNísia
GR;G;DytikíElláda
GR;H;StereáElláda
GR;I;Attikí
GR;J;Pelopónnisos
GR;K;VóreioAigaío
GR;L;NótioAigaío
GR;M;Kríti
GT;AV;AltaVerapaz
GT;BV;BajaVerapaz
GT;CM;Chimaltenango
GT;CQ;Chiquimula
GT;ES;Escuintla
GT;GU;Guatemala
GT;HU;Huehuetenango
GT;IZ;Izabal
GT;JA;Jalapa
GT;JU;Jutiapa
GT;PE;Petén
GT;PR;ElProgreso
GT;QC;Quiché
GT;QZ;Quetzaltenango
GT;RE;Retalhuleu
GT;SA;Sacatepéquez
GT;SM;SanMarcos
GT;SO;Sololá
GT;SR;SantaRosa
GT;SU;Suchitepéquez
GT;TO;Totonicapán
GT;ZA;Zacapa
GW;BA;Bafatá
GW;BL;Bolama
GW;BM;Biombo
GW;BS;Bissau
GW;CA;Cacheu
GW;GA;Gabú
GW;OI;Oio
GW;QU;Quinara
GW;TO;Tombali
GY;BA;Barima-Waini
GY;CU;Cuyuni-Mazaruni
GY;DE;Demerara-Mahaica
GY;EB;EastBerbice-Corent.
GY;ES;EssequiboIslands
GY;MA;Mahaica-Berbice
GY;PM;Pomeroon-Supenaam
GY;PT;Potaro-Siparuni
GY;UD;Up.Demerara-Berbice
GY;UT;UpperTak.-UpperEss.
HK;HK;HongKong-China
HN;AT;Atlántida
HN;CH;Choluteca
HN;CL;Colón
HN;CM;Comayagua
HN;CP;Copán
HN;CR;Cortés
HN;EP;ElParaíso
HN;FM;FranciscoMorazán
HN;GD;GraciasaDios
HN;IB;IslasdelaBahía
HN;IN;Intibucá
HN;LE;Lempira
HN;LP;LaPaz
HN;OC;Ocotepeque
HN;OL;Olancho
HN;SB;SantaBárbara
HN;VA;Valle
HN;YO;Yoro
HR;01;Zagrebacka
HR;02;Krapinsko-zagorska
HR;03;Sisacko-moslavacka
HR;04;Karlovacka
HR;05;Varazdinska
HR;06;Koprivnicko-krizevac
HR;07;Bjelovarsko-bilogors
HR;08;Primorsko-goranska
HR;09;Licko-senjska
HR;10;Viroviticko-podravac
HR;11;Pozesko-slavonska
HR;12;Brodsko-posavska
HR;13;Zadarska
HR;14;Osjecko-baranjska
HR;15;Sibensko-kninska
HR;16;Vukovarsko-srijemska
HR;17;Splitsko-dalmatinska
HR;18;Istarska
HR;19;Dubrovacko-neretvans
HR;20;Medjimurska
HR;21;Zagreb
HR;A00;Zagrebacka
HR;B00;Krapinsko-zagorska
HR;C00;Sisacko-moslavacka
HR;D00;Karlovacka
HR;E00;Varazdinska
HR;F00;Koprivnicko-krizevac
HR;G00;Bjelovarsko-bilogors
HR;H00;Rijecko-goranska
HR;I00;Licko-senjska
HR;J00;Viroviticko-podravac
HR;K00;Pozesko-slavonska
HR;L00;Slavonskobrodska
HR;M00;Zadarska
HR;N00;Osjecko-baranjska
HR;O00;Sibensko-kninska
HR;P00;Vukovarsko-srijemska
HR;R00;Splitsko-dalmatinska
HR;S00;Istarska
HR;T00;Dubrovacko-neretvans
HR;U00;Medjimurska
HR;V00;Zagreb
HT;AR;Artibonite
HT;CE;Centre
HT;GA;Grande'Anse
HT;ND;Nord
HT;NE;Nord-Est
HT;NI;Nippes
HT;NO;Nord-Ouest
HT;OU;Ouest
HT;SD;Sud
HT;SE;Sud-Est
HU;01;Bacs-Kiskun
HU;02;Baranya
HU;03;Bekes
HU;04;Bekescsaba
HU;05;Borsod-Abauj-Zemplen
HU;06;Budapest
HU;07;Csongrad
HU;08;Debrecen
HU;09;Dunaujvaros
HU;10;Eger
HU;11;Fejer
HU;12;Gyor
HU;13;Gyor-Moson-Sopron
HU;14;Hajdu-Bihar
HU;15;Heves
HU;16;Hodmezovasarhely
HU;17;Jasz-Nagykun-Szolnok
HU;18;Kaposvar
HU;19;Kecskemet
HU;20;Komarom-Esztergom
HU;21;Miskolc
HU;22;Nagykanizsa
HU;23;Nograd
HU;24;Nyiregyhaza
HU;25;Pecs
HU;26;Pest
HU;27;Somogy
HU;28;Sopron
HU;29;Szabolcs-Szat.-Bereg
HU;30;Szeged
HU;31;Szekesfehervar
HU;32;Szolnok
HU;33;Szombathely
HU;34;Tatabanya
HU;35;Tolna
HU;36;Vas
HU;38;Zala
HU;39;Zalaegerszeg
HU;40;Erd
HU;41;Szekszard
HU;42;Salgotarjan
HU;43;VeszpremRegion
HU;44;VeszpremCity
HU;BA;Baranya
HU;BC;Bekescsaba
HU;BE;Bekes
HU;BK;Bacs-Kiskun
HU;BU;Budapest
HU;BZ;Borsod-Abauj-Zemplen
HU;CS;Csongrad
HU;DE;Debrecen
HU;DU;Dunaujvaros
HU;EG;Eger
HU;ER;Erd
HU;FE;Fejer
HU;GS;Gyor-Moson-Sopron
HU;GY;Gyor
HU;HB;Hajdu-Bihar
HU;HE;Heves
HU;HV;Hodmezovasarhely
HU;JN;Jasz-Nagykun-Szolnok
HU;KE;Komarom-Esztergom
HU;KM;Kecskemet
HU;KV;Kaposvar
HU;MI;Miskolc
HU;NK;Nagykanizsa
HU;NO;Nograd
HU;NY;Nyiregyhaza
HU;PE;Pest
HU;PS;Pecs
HU;SD;Szeged
HU;SF;Szekesfehervar
HU;SH;Szombathely
HU;SK;Szolnok
HU;SN;Sopron
HU;SO;Somogy
HU;SS;Szekszard
HU;ST;Salgotarjan
HU;SZ;Szabolcs-Szat.-Bereg
HU;TB;Tatabanya
HU;TO;Tolna
HU;VA;Vas
HU;VE;VeszpremCounty
HU;VM;VeszpremCity
HU;ZA;Zala
HU;ZE;Zalaegerszeg
ID;01;DKIJakartaJakarta
ID;02;JawaBaratWestJava
ID;03;JawaTengahCentral
ID;04;JawaTimurEastJava
ID;05;DIYogyakartaYogyak
ID;06;DIAcehAceh
ID;07;SumateraUtaraNorth
ID;08;SumateraBaratWest
ID;09;RiauRiau
ID;10;JambiJambi
ID;11;SumateraSelatanSou
ID;12;BengkuluBengkulu
ID;13;LampungLampung
ID;14;KalimantanSelatanS
ID;15;KalimantanBaratWes
ID;16;KalimantanTengahCe
ID;17;KalimantanTimurEas
ID;18;SulawesiSelatanSou
ID;19;SulawesiTenggaraSo
ID;20;SulawesiTengahCent
ID;21;SulawesiUtaraNorth
ID;22;BaliBali
ID;23;NusaTenggaraBarat
ID;24;NusaTenggaraTimur
ID;25;MalukuMaluku
ID;26;IrianJayaIrianJay
ID;27;TimorTimurEastTim
ID;AC;Aceh
ID;BA;Bali
ID;BB;Bangka–BelitungIsl.
ID;BE;Bengkulu
ID;BT;Banten
ID;GO;Gorontalo
ID;JA;Jambi
ID;JB;WestJava
ID;JI;EastJava
ID;JK;Jakarta
ID;JT;CentralJava
ID;KB;WestKalimantan
ID;KI;EastKalimantan
ID;KR;RiauIslands
ID;KS;SouthKalimantan
ID;KT;CentralKalimantan
ID;KU;NorthKalimantan
ID;LA;Lampung
ID;MA;Maluku
ID;MU;NorthMaluku
ID;NB;WestNusaTenggara
ID;NT;EastNusaTenggara
ID;PA;Papua
ID;PB;WestPapua
ID;RI;Riau
ID;SA;NorthSulawesi
ID;SB;WestSumatra
ID;SG;SoutheastSulawesi
ID;SN;SouthSulawesi
ID;SR;WestSulawesi
ID;SS;SouthSumatra
ID;ST;CentralSulawesi
ID;SU;NorthSumatra
ID;YO;Yogyakarta
IE;CE;Clare
IE;CN;Cavan
IE;CO;Cork
IE;CW;Carlow
IE;D;Dublin
IE;DL;Donegal
IE;G;Galway
IE;KE;Kildare
IE;KK;Kilkenny
IE;KY;Kerry
IE;LD;Longford
IE;LH;Louth
IE;LK;Limerick
IE;LM;Leitrim
IE;LS;Laois
IE;MH;Meath
IE;MN;Monaghan
IE;MO;Mayo
IE;OY;Offaly
IE;RN;Roscommon
IE;SO;Sligo
IE;TA;Tipperary
IE;WD;Waterford
IE;WH;Westmeath
IE;WW;Wicklow
IE;WX;Wexford
IL;01;Central
IL;02;Haifa
IL;03;Jerusalem
IL;04;Northern
IL;05;Southern
IL;06;TelAviv
IL;D;SouthernDistrict
IL;HA;Haifa
IL;JM;Jerusalem
IL;M;CentralDistrict
IL;TA;TelAviv
IL;Z;NorthernDistrict
IN;01;AndhraPradesh
IN;02;ArunachalPradesh
IN;03;Assam
IN;04;Bihar
IN;05;Goa
IN;06;Gujarat
IN;07;Haryana
IN;08;HimachalPradesh
IN;09;JammuandKashmir
IN;10;Karnataka
IN;11;Kerala
IN;12;MadhyaPradesh
IN;13;Maharashtra
IN;14;Manipur
IN;15;Meghalaya
IN;16;Mizoram
IN;17;Nagaland
IN;18;Orissa
IN;19;Punjab
IN;20;Rajasthan
IN;21;Sikkim
IN;22;TamilNadu
IN;23;Tripura
IN;24;UttarPradesh
IN;25;WestBengal
IN;26;AndamanandNico.Is.
IN;27;Chandigarh
IN;28;DadraandNagarHav.
IN;29;DamanandDiu
IN;30;Delhi
IN;31;Lakshadweep
IN;32;Puducherry
IN;33;Chhattisgarh
IN;34;Jharkhand
IN;35;Uttarakhand
IN;36;Telangana
IN;AN;AndamanandNico.Is.
IN;AP;AndraPradesh
IN;AR;ArunachalPradesh
IN;AS;Assam
IN;BR;Bihar
IN;CH;Chandigarh
IN;CT;Chhaattisgarh
IN;DD;DamanandDiu
IN;DL;Delhi
IN;DN;DadraandNagarHav.
IN;GA;Goa
IN;GJ;Gujarat
IN;HP;HimachalPradesh
IN;HR;Haryana
IN;JH;Jharkhand
IN;JK;JammuandKashmir
IN;KA;Karnataka
IN;KL;Kerala
IN;LA;Ladakh
IN;LD;Lakshadweep
IN;MH;Maharashtra
IN;ML;Megalaya
IN;MN;Manipur
IN;MP;MadhyaPradesh
IN;MZ;Mizoram
IN;NL;Nagaland
IN;OR;Orissa
IN;PB;Punjab
IN;PY;Pondicherry
MK;503;Dolneni
MK;504;Krivogaštani
MK;505;Kruševo
MK;506;Mogila
MK;507;Novaci
MK;508;Prilep
MK;509;Resen
MK;51;Obsolete
MK;52;Obsolete
MK;53;Obsolete
MK;54;Obsolete
MK;55;Obsolete
MK;56;Obsolete
MK;58;Obsolete
MK;59;Obsolete
MK;60;Obsolete
MK;601;Bogovinje
MK;602;Brvenica
MK;603;Vrapčište
MK;604;Gostivar
MK;605;Želino
MK;606;Jegunovce
MK;607;MavrovoiRostuše
MK;608;Tearce
MK;609;Tetovo
MK;61;Obsolete
MK;62;Obsolete
MK;63;Obsolete
MK;64;Obsolete
MK;65;Obsolete
MK;66;Obsolete
MK;67;Obsolete
MK;69;Obsolete
MK;70;Obsolete
MK;701;Kratovo
MK;702;KrivaPalanka
MK;703;Kumanovo
MK;704;Lipkovo
MK;705;Rankovce
MK;706;StaroNagoričane
MK;71;Obsolete
MK;72;Obsolete
MK;73;Obsolete
MK;74;Obsolete
MK;75;Obsolete
MK;76;Obsolete
MK;78;Obsolete
MK;80;Obsolete
MK;801;Aerodrom
MK;802;Aračinovo
MK;803;Butel
MK;804;GaziBaba
MK;805;GjorčePetrov
MK;806;Zelenikovo
MK;807;Ilinden
MK;808;Karpoš
MK;809;KiselaVoda
MK;81;Obsolete
MK;810;Petrovec
MK;811;Saraj
MK;812;Sopište
MK;813;Studeničani
MK;814;Centar
MK;815;Čair
MK;816;Čučer-Sandevo
MK;817;ŠutoOrizari
MK;82;Obsolete
MK;83;Obsolete
MK;85;Obsolete
ML;1;Kayes
ML;10;Taoudénit
ML;2;Koulikoro
ML;3;Sikasso
ML;4;Ségou
ML;5;Mopti
ML;6;Timbuktu
ML;7;Gao
ML;8;Kidal
ML;9;Ménaka
ML;BK0;Bamako
MM;01;Sagaing
MM;02;Bago
MM;03;Magway
MM;04;Mandalay
MM;05;Tanintharyi
MM;06;Yangon
MM;07;Ayeyarwady
MM;11;Kachin
MM;12;Kayah
MM;13;Kayin
MM;14;Chin
MM;15;Mon
MM;16;Rakhine
MM;17;Shan
MM;18;NayPyiTaw
MN;035;Orhon
MN;037;Darhanuul
MN;039;Hentiy
MN;041;Hövsgöl
MN;043;Hovd
MN;046;Uvs
MN;047;Töv
MN;049;Selenge
MN;051;Sühbaatar
MN;053;Ömnögovĭ
MN;055;Övörhangay
MN;057;Dzavhan
MN;059;Dundgovĭ
MN;061;Dornod
MN;063;Dornogovĭ
MN;064;Govĭ-Sümber
MN;065;Govĭ-Altay
MN;067;Bulgan
MN;069;Bayanhongor
MN;071;Bayan-Ölgiy
MN;073;Arhangay
MN;1;Ulaanbaatar
MR;01;HodhechChargui
MR;02;HodhelGharbi
MR;03;Assaba
MR;04;Gorgol
MR;05;Brakna
MR;06;Trarza
MR;07;Adrar
MR;08;DakhletNouâdhibou
MR;09;Tagant
MR;10;Guidimaka
MR;11;TirisZemmour
MR;12;Inchiri
MR;13;NouakchottNord
MR;14;NouakchottOuest
MR;15;NouakchottSud
MT;01;Attard
MT;02;Balzan
MT;03;Birgu
MT;04;Birkirkara
MT;05;Birżebbuġa
MT;06;Bormla
MT;07;Dingli
MT;08;Fgura
MT;09;Floriana
MT;10;Fontana
MT;11;Gudja
MT;12;Gżira
MT;13;Għajnsielem
MT;14;Għarb
MT;15;Għargħur
MT;16;Għasri
MT;17;Għaxaq
MT;18;Ħamrun
MT;19;Iklin
MT;20;Isla
MT;21;Kalkara
MT;22;Kerċem
MT;23;Kirkop
MT;24;Lija
MT;25;Luqa
MT;26;Marsa
MT;27;Marsaskala
MT;28;Marsaxlokk
MT;29;Mdina
MT;30;Mellieħa
MT;31;Mġarr
MT;32;Mosta
MT;33;Mqabba
MT;34;Msida
MT;35;Mtarfa
MT;36;Munxar
MT;37;Nadur
MT;38;Naxxar
MT;39;Paola
MT;40;Pembroke
MT;41;Pietà
MT;42;Qala
MT;43;Qormi
MT;44;Qrendi
MT;45;RabatGozo
MT;46;RabatMalta
MT;47;Safi
MT;48;SaintJulian's
MT;49;SaintJohn
MT;50;SaintLawrence
MT;51;SaintPaul'sBay
MT;52;Sannat
MT;53;SaintLucia's
MT;54;SantaVenera
MT;55;Siġġiewi
MT;56;Sliema
MT;57;Swieqi
MT;58;Ta'Xbiex
MT;59;Tarxien
MT;60;Valletta
MT;61;Xagħra
MT;62;Xewkija
MT;63;Xgħajra
MT;64;Żabbar
MT;65;ŻebbuġGozo
MT;66;ŻebbuġMalta
MT;67;Żejtun
MT;68;Żurrieq
MU;AG;AgalegaIslands
MU;BL;BlackRiver
MU;BR;BeauBassinRoseHill
MU;CC;St.BrandonIslands
MU;CU;Curepipe
MU;FL;Flacq
MU;GP;GrandPort
MU;MO;Moka
MU;PA;Pamplemousses
MU;PL;PortLouis(District)
MU;PU;PortLouis(City)
MU;PW;PlainesWilhem
MU;QB;QuatreBornes
MU;RO;RodriguesIsland
MU;RR;RiviereduRempart
MU;SA;Savanne
MU;VP;Vacoas-Phoenix
MW;C;CentralRegion
MW;N;NorthernRegion
MW;S;SouthernRegion
MX;AGS;Aguascalientes
MX;AGU;Aguascalientes
MX;BC;BajaCalifornia
MX;BCN;BajaCalifornia
MX;BCS;BajaCaliforniaS
MX;CAM;Campeche
MX;CHH;Chihuahua
MX;CHI;Chihuahua
MX;CHP;Chiapas
MX;CHS;Chiapas
MX;CMP;Campeche
MX;CMX;CiudaddeMexico
MX;COA;Coahuila
MX;COL;Colima
MX;DF;MexicoCity
MX;DGO;Durango
MX;DUR;Durango
MX;GRO;Guerrero
MX;GTO;Guanajuato
MX;GUA;Guanajuato
MX;HGO;Hidalgo
MX;HID;Hidalgo
MX;JAL;Jalisco
MX;MCH;Michoacan
MX;MEX;EstadodeMexico
MX;MIC;Michoacan
MX;MOR;Morelos
MX;NAY;Nayarit
MX;NL;NuevoLeon
MX;NLE;NuevoLeon
MX;OAX;Oaxaca
MX;PUE;Puebla
MX;QR;QuintanaRoo
MX;QRO;Queretaro
MX;QUE;Queretaro
MX;ROO;QuintanaRoo
MX;SIN;Sinaloa
MX;SLP;SanLuisPotosi
MX;SON;Sonora
MX;TAB;Tabasco
MX;TAM;Tamaulipas
MX;TLA;Tlaxcala
MX;TLX;Tlaxcala
MX;TMS;Tamaulipas
MX;VER;Veracruz
MX;YUC;Yucatan
MX;ZAC;Zacatecas
MY;01;Johor
MY;02;Kedah
MY;03;Kelantan
MY;04;Melaka
MY;05;NegeriSembilan
MY;06;Pahang
MY;07;PulauPinang
MY;08;Perak
MY;09;Perlis
MY;10;Selangor
MY;11;Terengganu
MY;12;Sabah
MY;13;Sarawak
MY;14;KualaLumpur
MY;15;Labuan
MY;16;Putrajaya
MY;JOH;Johor
MY;KED;Kedah
MY;KEL;Kelantan
MY;KUL;KualaLumpur
MY;LAB;Labuan
MY;MEL;Melaka
MY;PAH;Pahang
MY;PEL;Perlis
MY;PER;Perak
MY;PIN;PulauPinang
MY;PJY;Putrajaya
MY;PSK;Wil.Persekutuan
MY;SAB;Sabah
MY;SAR;Sarawak
MY;SEL;Selangor
MY;SER;NegeriSembilan
MY;TRE;Trengganu
MY;WPP;W.PPutrajaya
MZ;A;Niassa
MZ;B;Manica
MZ;G;Gaza
MZ;I;Inhambane
MZ;L;Maputo(Province)
MZ;MPM;Maputo
MZ;N;Nampula
MZ;P;CaboDelgado
MZ;Q;Zambezia
MZ;S;Sofala
MZ;T;Tete
NA;CA;Zambezi
NA;ER;Erongo
NA;HA;Hardap
NA;KA;Karas
NA;KE;KavangoEast
NA;KH;Khomas
NA;KU;Kunene
NA;KW;KavangoWest
NA;OD;Otjozondjupa
NA;OH;Omaheke
NA;ON;Oshana
NA;OS;Omusati
NA;OT;Oshikoto
NA;OW;Ohangwena
NE;1;Agadez
NE;2;Diffa
NE;3;Dosso
NE;4;Maradi
NE;5;Tahoua
NE;6;Tillabéri
NE;7;Zinder
NE;8;Niamey
NG;AB;Abia
NG;AD;Adamawa
NG;AK;AkwaIbom
NG;AN;Anambra
NG;BA;Bauchi
NG;BE;Benue
NG;BO;Borno
NG;BY;Bayelsa
NG;CR;CrossRiver
NG;DE;Delta
NG;EB;Ebonyi
NG;ED;Edo
NG;EK;Ekiti
NG;EN;Enugu
NG;FC;AbujaFed.Capital
NG;GO;Gombe
NG;IM;Imo
NG;JI;Jigawa
NG;KD;Kaduna
NG;KE;Kebbi
NG;KN;Kano
NG;KO;Kogi
NG;KT;Katsina
NG;KW;Kwara
NG;LA;Lagos
NG;NA;Nassarawa
NG;NI;Niger
NG;OG;Ogun
NG;ON;Ondo
NG;OS;Osun
NG;OY;Oyo
NG;PL;Plateau
NG;RI;Rivers
NG;SO;Sokoto
NG;TA;Taraba
NG;YO;Yobe
NG;ZA;Zamfara
NI;AN;AtlánticoNorte
NI;AS;AtlánticoSur
NI;BO;Boaco
NI;CA;Carazo
NI;CI;Chinandega
NI;CO;Chontales
NI;ES;Estelí
NI;GR;Granada
NI;JI;Jinotega
NI;LE;León
NI;MD;Madriz
NI;MN;Managua
NI;MS;Masaya
NI;MT;Matagalpa
NI;NS;NuevaSegovia
NI;RI;Rivas
NI;SJ;RioSanJuan
NL;01;Drenthe
NL;02;Flevoland
NL;03;Friesland
NL;04;Gelderland
NL;05;Groningen
NL;06;Limburg
NL;07;Noord-Brabant
NL;08;Noord-Holland
NL;09;Overijssel
NL;10;Utrecht
NL;11;Zeeland
NL;12;Zuid-Holland
NL;DR;Drenthe
NL;FL;Flevoland
NL;FR;Friesland
NL;GE;Gelderland
NL;GR;Groningen
NL;LI;Limburg
NL;NB;NorthBrabant
NL;NH;NorthHolland
NL;OV;Overijssel
NL;UT;Utrecht
NL;ZE;Zeeland
NL;ZH;SouthHolland
NO;01;Ostfold
NO;02;Akershus
NO;03;Oslo
NO;04;Hedmark
NO;05;Oppland
NO;06;Buskerud
NO;07;Vestfold
NO;08;Telemark
NO;09;Aust-Agder
NO;10;Vest-Agder
NO;11;Rogaland
NO;12;Hordaland
NO;14;SognogFjordane
NO;15;MoreogRomsdal
NO;18;Nordland
NO;19;Troms
NO;20;Finnmark
NO;21;Svalbard
NO;22;JanMayen
NO;50;Trøndelag
NR;01;Aiwo
NR;02;Anabar
NR;03;Anetan
NR;04;Anibare
NR;05;Baiti
NR;06;Boe
NR;07;Buada
NR;08;Denigomodu
NR;09;Ewa
NR;10;Ijuw
NR;11;Meneng
NR;12;Nibok
NR;13;Uaboe
NR;14;Yaren
NZ;AKL;Auckland
NZ;AUK;Auckland
NZ;BOP;BayofPlenty
NZ;CAN;Canterbury
NZ;CIT;ChathamIslands
NZ;GIS;Gisborne
NZ;HAB;Hawke'sBay
NZ;HKB;Hawke´sBay
NZ;MAN;Manawatu-Wanganui
NZ;MBH;Marlborough
NZ;MWT;Manawatu-Wanganui
NZ;NSN;Nelson
NZ;NTL;Northland
NZ;OTA;Otago
NZ;STL;Southland
NZ;TAR;Taranaki
NZ;TAS;Tasman
NZ;TKI;Taranaki
NZ;WAI;Waikato
NZ;WEC;WestCoast
NZ;WGN;Wellington
NZ;WKO;Waikato
NZ;WLG;Wellington
NZ;WTC;WestCoast
OM;BJ;AlBatinahSouth
OM;BS;AlBatinahNorth
OM;BU;AlBuraimi
OM;DA;AdDakhiliyah
OM;MA;Masqat
OM;MU;Musandam
OM;SJ;AshSharqiyahSouth
OM;SS;AshSharqiyahNorth
OM;WU;AlWusta
OM;ZA;AlDhahirah
OM;ZU;Dhofar
PA;1;BocasdelToro
PA;10;PanamáOeste
PA;2;Coclé
PA;3;Colón
PA;4;Chiriquí
PA;5;Darién
PA;6;Herrera
PA;7;LosSantos
PA;8;Panamá
PA;9;Veraguas
PA;EM;Emberá
PA;KY;KunaYala
PA;NB;Ngöbe-Buglé
PE;01;Tumbes
PE;02;Piura
PE;03;Lambayeque
PE;04;LaLibertad
PE;05;Ancash
PE;07;Ica
PE;08;Arequipa
PE;09;Moquegua
PE;10;Tacna
PE;11;Amazon
PE;12;Cajamarca
PE;13;SanMartin
PE;14;Huanuco
PE;15;Pasco
PE;16;Junin
PE;17;Huancavelica
PE;18;Ayacucho
PE;19;Apurimac
PE;20;Cuzco
PE;21;Puno
PE;22;Loreto
PE;23;Ucayali
PE;24;MadredeDios
PE;25;LimaRegion
PE;26;LimaMunicipality
PE;27;Callao
PE;AMA;Amazon
PE;ANC;Ancash
PE;APU;Apurimac
PE;ARE;Arequipa
PE;AYA;Ayacucho
PE;CAJ;Cajamarca
PE;CAL;Callao
PE;CUS;Cuzco
PE;HUC;Huanuco
PE;HUV;Huancavelica
PE;ICA;Ica
PE;JUN;Junin
PE;LAL;LaLibertad
PE;LAM;Lambayeque
PE;LIM;LimaRegion
PE;LMA;LimaProvince
PE;LOR;Loreto
PE;MDD;MadredeDios
PE;MOQ;Moquegua
PE;PAS;Pasco
PE;PIU;Piura
PE;PUN;Puno
PE;SAM;SanMartin
PE;TAC;Tacna
PE;TUM;Tumbes
PE;UCA;Ucayali
PG;CPK;Chimbu
PG;CPM;Central
PG;EBR;EastNewBritain
PG;EHG;EasternHighlands
PG;EPW;Enga
PG;ESW;EastSepik
PG;GPK;Gulf
PG;HLA;Hela
PG;JWK;Jiwaka
PG;MBA;MilneBay
PG;MPL;Morobe
PG;MPM;Madang
PG;MRL;Manus
PG;NCD;NationalCapitalDis
PG;NIK;NewIreland
PG;NPP;Northern(Oro)
PG;NSB;Bougainville
PG;SAN;Sandaun(WestSepik)
PG;SHM;SouthernHighlands
PG;WBK;WestNewBritain
PG;WHM;WesternHighlands
PG;WPD;Western(FlyRiver)
PH;00;NationalCapitalReg
PH;01;Ilocos
PH;02;CagayanValley
PH;03;CentralLuzon
PH;04;SouthLuzon
PH;05;Bicol
PH;06;WesternVisayas
PH;07;CentralVisayas
PH;08;EasternVisayas
PH;09;ZamboangaPeninsula
PH;10;NorthernMindanao
PH;11;Davao
PH;12;Soccsksargen
PH;13;Caraga
PH;14;MuslimMindanao(ARMM)
PH;15;CordilleraA.R.(CAR)
PH;40;Calabarzon
PH;41;Mimaropa
PK;BA;Balochistan
PK;GB;Gilgit-Baltistan
PK;IS;Islamabad
PK;JK;AzadKashmir
PK;KP;KhyberPakhtunkhwa
PK;PB;Punjab
PK;SD;Sindh
PL;02;Dolnoslaskie
PL;04;Kujawsko-Pomorskie
PL;06;Lubelskie
PL;08;Lubuskie
PL;10;Lodzkie
PL;12;Malopolskie
PL;14;Mazowieckie
PL;16;Opolskie
PL;18;Podkarpackie
PL;20;Podlaskie
PL;22;Pomorskie
PL;24;Slaskie
PL;26;Swietokrzyskie
PL;28;Warminsko-mazurskie
PL;30;Wielkopolskie
PL;32;Zachodnio-Pomorskie
PL;DSL;Dolnoslaskie
PL;K-P;Kujawsko-Pomorskie
PL;LBL;Lubelskie
PL;LBS;Lubuskie
PL;LDZ;Lodzkie
PL;MAL;Malopolskie
PL;MAZ;Mazowieckie
PL;OPO;Opolskie
PL;PDK;Podkarpackie
PL;PDL;Podlaskie
PL;POM;Pomorskie
PL;SLS;Slaskie
PL;SWK;Swietokrzyskie
PL;W-M;Warminsko-mazurskie
PL;WLK;Wielkopolskie
PL;Z-P;Zachodnio-Pomorskie
PS;BTH;Bethlehem
PS;DEB;DeirElBalah
PS;GZA;Gaza
PS;HBN;Hebron
PS;JEM;Jerusalem
PS;JEN;Jenin
PS;JRH;Jericho&AlAghwar
PS;KYS;KhanYunis
PS;NBS;Nablus
PS;NGZ;NorthGaza
PS;QQA;Qalqilya
PS;RBH;Ramallah
PS;RFH;Rafah
PS;SLT;Salfit
PS;TBS;Tubas
PS;TKM;Tulkarm
PT;10;AltoMinho
PT;11;Cavado
PT;30;Oeste
PT;34;LeziriadoTejo
PT;35;MetropolitanaLisboa
PT;36;MédioTejo
PT;40;AlentejoLitoral
PT;43;BaixoAlentejo
PT;44;AltoAlentejo
PT;45;AlentejoCentral
PT;50;Algarve
PT;60;Reg.Aut.dosAçores
PT;70;Reg.Aut.daMadeira
PT;80;Ave
PT;81;MetropolitanaPorto
PT;82;TâmegaeSousa
PT;83;AltoTâmega
PT;84;Douro
PT;85;Trás-os-Montes
PT;90;RegiãodeAveiro
PT;91;RegiãodeCoimbra
PT;92;RegiãodeLeiria
PT;93;ViseuDãoLafões
PT;94;BeiraBaixa
PT;95;BeiraseEstrela
PY;1;Concepción
PY;10;AltoParaná
PY;11;Central
PY;12;Ñeembucú
PY;13;Amambay
PY;14;Canindeyú
PY;15;PresidenteHayes
PY;16;AltoParaguay
PY;19;Boquerón
PY;2;SanPedro
PY;3;Cordillera
PY;4;Guairá
PY;5;Caaguazú
PY;6;Caazapá
PY;7;Itapúa
PY;8;Misiones
PY;9;Paraguarí
PY;ASU;Asunción
QA;001;Doha
QA;002;Thenorth
QA;003;Thewestcoast
QA;004;Thesouth
QA;DA;Doha
QA;KH;AlKhor&Dhekra
QA;MS;AlShamal
QA;RA;AlRayyan
QA;SH;AshShahaniyah
QA;US;UmmSalal
QA;WA;AlWakrah
QA;ZA;AlDaayen
RO;01;Alba
RO;02;Arad
RO;03;Arges
RO;04;Bacau
RO;05;Bihor
RO;06;Bistrita-Nasaud
RO;07;Botosani
RO;08;Braila
RO;09;Brasov
RO;10;Bucuresti
RO;11;Buzau
RO;12;Calarasi
RO;13;Caras-Severin
RO;14;Cluj
RO;15;Constanta
RO;16;Covasna
RO;17;Dimbovita
RO;18;Dolj
RO;19;Galati
RO;20;Gorj
RO;21;Giurgiu
RO;22;Harghita
RO;23;Hunedoara
RO;24;Ialomita
RO;25;Iasi
RO;26;Ilfov
RO;27;Maramures
RO;28;Mehedinti
RO;29;Mures
RO;30;Neamt
RO;31;Olt
RO;32;Prahova
RO;33;Salaj
RO;34;SatuMare
RO;35;Sibiu
RO;36;Suceava
RO;37;Teleorman
RO;38;Timis
RO;39;Tulcea
RO;40;Vaslui
RO;41;Vilcea
RO;42;Vrancea
RO;AB;Alba
RO;AG;Arges
RO;AR;Arad
RO;B;Bucuresti
RO;BC;Bacau
RO;BH;Bihor
RO;BN;Bistrita-Nasaud
RO;BR;Braila
RO;BT;Botosani
RO;BV;Brasov
RO;BZ;Buzau
RO;CJ;Cluj
RO;CL;Calarasi
RO;CS;Caras-Severin
RO;CT;Constanta
RO;CV;Covasna
RO;DB;Dimbovita
RO;DJ;Dolj
RO;GJ;Gorj
RO;GL;Galati
RO;GR;Giurgiu
RO;HD;Hunedoara
RO;HR;Harghita
RO;IF;Ilfov
RO;IL;Ialomita
RO;IS;Iasi
RO;MH;Mehedinti
RO;MM;Maramures
RO;MS;Mures
RO;NT;Neamt
RO;OT;Olt
RO;PH;Prahova
RO;SB;Sibiu
RO;SJ;Salaj
RO;SM;SatuMare
RO;SV;Suceava
RO;TL;Tulcea
RO;TM;Timis
RO;TR;Teleorman
RO;VL;Vilcea
RO;VN;Vrancea
RO;VS;Vaslui
RS;00;Beograd
RS;001;Aleksandrovac
RS;002;Aleksinac
RS;003;Arandjelovac
RS;004;Arilje
RS;006;Babusnica
RS;007;BajinaBasta
RS;008;Batocina
RS;009;BelaPalanka
RS;01;Severnobačkidistr.
RS;010;Barajevo
RS;011;Cukarica
RS;012;Grocka
RS;013;NoviBeograd
RS;014;Obrenovac
RS;015;Palilula
RS;016;SavskiVenac
RS;017;Sopot
RS;018;StariGrad
RS;019;Vozdovac
RS;02;Srednjebanatskidis.
RS;020;Vracar
RS;021;Zemun
RS;022;Zvezdara
RS;023;Blace
RS;024;Bogatic
RS;025;Bojnik
RS;026;Boljevac
RS;027;Bor
RS;028;Bosilegrad
RS;029;Brus
RS;03;Severnobanatskidis.
RS;030;Bujanovac
RS;031;CrnaTrava
RS;032;Cicevac
RS;033;Cuprija
RS;034;GradCacak
RS;035;Cajetina
RS;036;Despotovac
RS;037;Dimitrovgrad
RS;038;Doljevac
RS;039;GadzinHan
RS;04;Južnobanatskidistr.
RS;040;Golubac
RS;041;GornjiMilanovac
RS;042;Ivanjica
RS;043;Kladovo
RS;044;Knic
RS;045;Knjazevac
RS;046;Koceljeva
RS;048;Kosjeric
TH;72;SuphanBuri
TH;73;NakhonPathom
TH;74;SamutSakhon
TH;75;SamutSongkhram
TH;76;Phetchaburi
TH;77;PrachuapKhiriKhan
TH;80;NakhonSiThammarat
TH;81;Krabi
TH;82;Phangnga
TH;83;Phuket
TH;84;SuratThani
TH;85;Ranong
TH;86;Chumphon
TH;90;Songkhla
TH;91;Satun
TH;92;Trang
TH;93;Phatthalung
TH;94;Pattani
TH;95;Yala
TH;96;Narathiwat
TH;S;Phatthaya
TJ;DU;Dushanbe
TJ;GB;KŭhistoniBadakhshon
TJ;KT;Khatlon
TJ;RA;DistrictsRep.Adm.
TJ;SU;Sughd
TL;AL;Aileu
TL;AN;Ainaro
TL;BA;Baucau
TL;BO;Bobonaro
TL;CO;CovaLima
TL;DI;Dili
TL;ER;Ermera
TL;LA;Lautein
TL;LI;Liquiçá
TL;MF;Manufahi
TL;MT;Manatuto
TL;OE;Oecusi-Ambeno
TL;VI;Viqueque
TM;A;Ahal
TM;B;Balkan
TM;D;Daşoguz
TM;L;Lebap
TM;M;Mary
TM;S;Asgabat
TN;11;Tunis
TN;12;L'Ariana
TN;13;BenArous
TN;14;LaManouba
TN;21;Nabeul
TN;22;Zaghouan
TN;23;Bizerte
TN;31;Béja
TN;32;Jendouba
TN;33;LeKef
TN;34;Siliana
TN;41;Kairouan
TN;42;Kasserine
TN;43;SidiBouzid
TN;51;Sousse
TN;52;Monastir
TN;53;Mahdia
TN;61;Sfax
TN;71;Gafsa
TN;72;Tozeur
TN;73;Kébili
TN;81;Gabès
TN;82;Médenine
TN;83;Tataouine
TO;01;EuaIsland
TO;02;Haʻapai
TO;03;Niuas
TO;04;Tongatapu
TO;05;Vavaʻu
TR;01;Adana
TR;02;Adiyaman
TR;03;Afyon
TR;04;Agri
TR;05;Amasya
TR;06;Ankara
TR;07;Antalya
TR;08;Artvin
TR;09;Aydin
TR;10;Balikesir
TR;11;Bilecik
TR;12;Bingöl
TR;13;Bitlis
TR;14;Bolu
TR;15;Burdur
TR;16;Bursa
TR;17;Canakkale
TR;18;Cankiri
TR;19;Corum
TR;20;Denizli
TR;21;Diyarbakir
TR;22;Edirne
TR;23;Elazig
TR;24;Erzincan
TR;25;Erzurum
TR;26;Eskisehir
TR;27;Gaziantep
TR;28;Giresun
TR;29;Guemueshane
TR;30;Hakkari
TR;31;Hatay
TR;32;Isparta
TR;33;Icel
TR;34;Istanbul
TR;35;Izmir
TR;36;Kars
TR;37;Kastamonu
TR;38;Kayseri
TR;39;Kirklareli
TR;40;Kirshehir
TR;41;Kocaeli
TR;42;Konya
TR;43;Kuetahya
TR;44;Malatya
TR;45;Manisa
TR;46;K.Marash
TR;47;Mardin
TR;48;Mugla
TR;49;Mush
TR;50;Nevshehir
TR;51;Nigde
TR;52;Ordu
TR;53;Rize
TR;54;Sakarya
TR;55;Samsun
TR;56;Siirt
TR;57;Sinop
TR;58;Sivas
TR;59;Tekirdag
TR;60;Tokat
TR;61;Trabzon
TR;62;Tunceli
TR;63;Shanliurfa
TR;64;Ushak
TR;65;Van
TR;66;Yozgat
TR;67;Zonguldak
TR;68;Aksaray
TR;69;Bayburt
TR;70;Karaman
TR;71;Kirikkale
TR;72;Batman
TR;73;Shirnak
TR;74;Bartin
TR;75;Ardahan
TR;76;Igdir
TR;77;Yalova
TR;78;Karabük
TR;79;Kilis
TR;80;Osmaniye
TR;81;Düzce
TT;ARI;Arima
TT;CHA;Chaguanas
TT;CTT;Couva/Tabaquite/Tal.
TT;DMN;DiegoMartin
TT;MRC;Mayaro-RioClaro
TT;PED;Penal-Debe
TT;POS;PortofSpain
TT;PRT;PrincesTown
TT;PTF;PointFortin
TT;SFO;SanFernando
TT;SGE;SangreGrande
TT;SIP;Siparia
TT;SJL;SanJuan-Laventille
TT;TOB;Tobago
TT;TUP;Tunapuna-Piarco
TV;FUN;Funafuti
TV;NIT;Niutao
TV;NIU;Nui
TV;NKF;Nukufetau
TV;NKL;Nukulaelae
TV;NMA;Nanumea
TV;NMG;Nanumanga
TV;VAI;Vaitupu
TW;CHA;Changhua
TW;CYI;Chiayi
TW;CYQ;Chiayi
TW;HSQ;Hsinchu
TW;HSZ;Hsinchu
TW;HUA;Hualien
TW;ILA;Yilan
TW;KEE;Keelung
TW;KHH;Kaohsiung
TW;KIN;Kinmen
TW;LIE;Lienchiang
TW;MIA;Miaoli
TW;NAN;Nantou
TW;NWT;NewTaipei
TW;PEN;Penghu
TW;PIF;Pingtung
TW;TAO;Taoyuan
TW;TNN;Tainan
TW;TPE;Taipei
TW;TTT;Taitung
TW;TXG;Taichung
TW;YUN;Yunlin
TZ;01;Arusha
TZ;02;Daressalam
TZ;03;Dodoma
TZ;04;Iringa
TZ;05;Kagera
TZ;06;PembaNorth
TZ;07;ZanzibarNorth
TZ;08;Kigoma
TZ;09;Kilimanjaro
TZ;10;PembaSouth
TZ;11;ZanzibarCentral/S.
TZ;12;Lindi
TZ;13;Mara
TZ;14;Mbeya
TZ;15;ZanzibarUrban/West
TZ;16;Morogoro
TZ;17;Mtwara
TZ;18;Mwanza
TZ;19;Pwani
TZ;20;Rukwa
TZ;21;Ruvuma
TZ;22;Shinyanga
TZ;23;Singida
TZ;24;Tabora
TZ;25;Tanga
TZ;26;Manyara
TZ;27;Geita
TZ;28;Katavi
TZ;29;Njombe
TZ;30;Simiyu
UA;05;Vinnits'ka
UA;07;Volins'ka
UA;09;Lugans'ka
UA;12;Dnipropetrovs'ka
UA;14;Donets'ka
UA;18;Zhitomirs'ka
UA;21;Zakarpats'ka
UA;23;Zaporiz'ka
UA;26;Ivano-Frankivs'ka
UA;30;m.Kiev
UA;32;Kievs'ka
UA;35;Kirovograds'ka
UA;40;m.Sevastopil'
UA;43;RespublikaKrim
UA;46;L'vivsbka
UA;48;Mikolaivs'ka
UA;51;Odes'ka
UA;53;Poltavs'ka
UA;56;Rivnens'ka
UA;59;Sums'ka
UA;61;Ternopil's'ka
UA;63;Harkivs'ka
UA;65;Hersons'ka
UA;68;Hmel'nits'ka
UA;71;Cherkas'ka
UA;74;Chernigivs'ka
UA;77;Chernovits'ka
UA;CHG;Chernigivs'ka
UA;CHR;Cherkas'ka
UA;CHV;Chernovits'ka
UA;DNP;Dnipropetrovs'ka
UA;DON;Donets'ka
UA;HAR;Harkivs'ka
UA;HML;Hmel'nits'ka
UA;HRS;Hersons'ka
UA;IVF;Ivano-Frankivs'ka
UA;KIE;Kievs'ka
UA;KIR;Kirovograds'ka
UA;KRM;RespublikaKrim
UA;L'V;L'vivsbka
UA;LUG;Lugans'ka
UA;MIK;Mikolaivs'ka
UA;M_K;m.Kiev
UA;M_S;m.Sevastopil'
UA;ODS;Odes'ka
UA;POL;Poltavs'ka
UA;RIV;Rivnens'ka
UA;SUM;Sums'ka
UA;TER;Ternopil's'ka
UA;VIN;Vinnits'ka
UA;VOL;Volins'ka
UA;ZAK;Zakarpats'ka
UA;ZAP;Zaporiz'ka
UA;ZHI;Zhitomirs'ka
UG;C;Central
UG;E;Eastern
UG;N;Northern
UG;W;Western
UM;67;JohnstonAtoll
UM;71;MidwayIslands
UM;76;NavassaIsland
UM;79;WakeIsland
UM;81;BakerIsland
UM;84;HowlandIsland
UM;86;JarvisIsland
UM;89;KingmanReef
UM;95;PalmyraAtoll
US;AA;A.ForcesAmericas
US;AE;A.ForcesEur./ME/Afr
US;AK;Alaska
US;AL;Alabama
US;AP;ArmedForcesPacific
US;AR;Arkansas
US;AS;AmericanSamoa
US;AZ;Arizona
US;CA;California
US;CO;Colorado
US;CT;Connecticut
US;DC;DistrictofColumbia
US;DE;Delaware
US;FL;Florida
US;GA;Georgia
US;GU;Guam
US;HI;Hawaii
US;IA;Iowa
US;ID;Idaho
US;IL;Illinois
US;IN;Indiana
US;KS;Kansas
US;KY;Kentucky
US;LA;Louisiana
US;MA;Massachusetts
US;MD;Maryland
US;ME;Maine
US;MI;Michigan
US;MN;Minnesota
US;MO;Missouri
US;MP;NorthernMarianaIsl
US;MS;Mississippi
US;MT;Montana
US;NC;NorthCarolina
US;ND;NorthDakota
US;NE;Nebraska
US;NH;NewHampshire
US;NJ;NewJersey
US;NM;NewMexico
US;NV;Nevada
US;NY;NewYork
US;OH;Ohio
US;OK;Oklahoma
US;OR;Oregon
US;PA;Pennsylvania
US;PR;PuertoRico
US;RI;RhodeIsland
US;SC;SouthCarolina
US;SD;SouthDakota
US;TN;Tennessee
US;TX;Texas
US;UM;USMinorOutl.Isl.
US;UT;Utah
US;VA;Virginia
US;VI;VirginIslands
US;VT;Vermont
US;WA;Washington
US;WI;Wisconsin
US;WV;WestVirginia
US;WY;Wyoming
UY;AR;Artigas
UY;CA;Canelones
UY;CL;CerroLargo
UY;CO;Colonia
UY;DU;Durazno
UY;FD;Florida
UY;FS;Flores
UY;LA;Lavalleja
UY;MA;Maldonado
UY;MO;Montevideo
UY;PA;Paysandú
UY;RN;RíoNegro
UY;RO;Rocha
UY;RV;Rivera
UY;SA;Salto
UY;SJ;SanJosé
UY;SO;Soriano
UY;TA;Tacaurembó
UY;TT;Treintaytres
UZ;AN;Andijon
UZ;BU;Buxoro
UZ;FA;Fargʻona
UZ;JI;Jizzax
UZ;NG;Namangan
UZ;NW;Navoiy
UZ;QA;Qashqadaryo
UZ;QR;Karakalpakistan
UZ;SA;Samarqand
UZ;SI;Sirdaryo
UZ;SU;Surxondaryo
UZ;TK;Toshkent(city)
UZ;TO;Toshkent(region)
UZ;XO;Xorazm
VE;A;DistritoCapital
VE;AMA;Amazon
VE;ANZ;Anzoategui
VE;APU;Apure
VE;ARA;Aragua
VE;B;Anzoategui
VE;BAR;Barinas
VE;BOL;Bolivar
VE;C;Apure
VE;CAR;Carabobo
VE;COJ;Cojedes
VE;D;Aragua
VE;DA;DeltaAmacuro
VE;DF;DistritoFederal
VE;E;Barinas
VE;F;Bolivar
VE;FAL;Falcon
VE;G;Carabobo
VE;GUA;Guarico
VE;H;Cojedes
VE;I;Falcon
VE;J;Guarico
VE;K;Lara
VE;L;Merida
VE;LAR;Lara
VE;M;Miranda
VE;MER;Merida
VE;MIR;Miranda
VE;MON;Monagas
VE;N;Monagas
VE;NE;NuevaEsparta
VE;O;NuevaEsparta
VE;P;Portuguesa
VE;POR;Portuguesa
VE;R;Sucre
VE;S;Tachira
VE;SUC;Sucre
VE;T;Trujillo
VE;TAC;Tachira
VE;TRU;Trujillo
VE;U;Yaracuy
VE;V;Zulia
VE;VAR;Vargas
VE;W;DependenciasFederal
VE;X;Vargas
VE;Y;DeltaAmacuro
VE;YAR;Yaracuy
VE;Z;Amazon
VE;ZUL;Zulia
VN;01;LaiChâu
VN;02;LàoCai
VN;03;HàGiang
VN;04;CaoBằng
VN;05;SơnLa
VN;06;YênBái
VN;07;TuyênQuang
VN;09;LạngSơn
VN;13;QuảngNinh
VN;14;HòaBình
VN;18;NinhBình
VN;20;TháiBình
VN;21;ThanhHóa
VN;22;NghệAn
VN;23;HàTĩnh
VN;24;QuảngBình
VN;25;QuảngTrị
VN;26;ThừaThiên-Huế
VN;27;QuảngNam
VN;28;KonTum
VN;29;QuảngNgãi
VN;30;GiaLai
VN;31;BìnhĐịnh
VN;32;PhúYên
VN;33;ĐắkLắk
VN;34;KhánhHòa
VN;35;LâmÐồng
VN;36;NinhThuận
VN;37;TâyNinh
VN;39;ÐồngNai
RS;049;Kragujevac
RS;05;Zapadnobačkidistr.
RS;050;Kraljevo
RS;051;Krupanj
RS;052;GradKrusevac
RS;053;Kucevo
RS;054;Kursumlija
RS;055;Lajkovac
RS;056;Lazarevac
RS;057;Lebane
RS;058;GradLeskovac
RS;059;GradLoznica
RS;06;Južnobačkidistrict
RS;060;Lucani
RS;061;Ljig
RS;062;Ljubovija
RS;063;Majdanpek
RS;065;MaliZvornik
RS;066;MaloCrnice
RS;067;Medvedja
RS;068;Merosina
RS;069;Mionica
RS;07;Sremskidistrict
RS;070;Mladenovac
RS;072;Negotin
RS;074;NovaVaros
RS;075;GradNoviPazar
RS;076;Osecina
RS;077;Paracin
RS;078;PetrovacnaMlavi
RS;079;Pirot
RS;08;Mačvanskidistrict
RS;080;GradPozarevac
RS;081;Pozega
RS;082;Presevo
RS;083;Priboj
RS;084;Prijepolje
RS;085;Prokuplje
RS;086;Raca
RS;087;Raska
RS;088;Razanj
RS;089;Rekovac
RS;09;Kolubarskidistrict
RS;091;Sjenica
RS;092;GradSmederevo
RS;093;SmederevskaPalanka
RS;094;Sokobanja
RS;095;Surdulica
RS;096;GradJagodina
RS;097;Svilajnac
RS;098;Svrljig
RS;099;GradSabac
RS;10;Podunavskidistrict
RS;100;GradUzice
RS;101;Topola
RS;102;Trgoviste
RS;103;Trstenik
RS;104;Tutin
RS;105;Ub
RS;107;Valjevo
RS;108;Varvarin
RS;109;VelikaPlana
RS;11;Braničevskidistrict
RS;110;VelikoGradiste
RS;111;VladicinHan
RS;112;Vladimirci
RS;113;Vlasotince
RS;114;GradVranje
RS;115;VrnjackaBanja
RS;116;GradZajecar
RS;117;Zabari
RS;118;Zagubica
RS;119;Zitoradja
RS;12;Šumadijskidistrict
RS;120;Rakovica
RS;121;Lapovo
RS;122;NiskaBanja
RS;123;Stragari
RS;124;Surcin
RS;125;Pantelej
RS;126;NisCrveniKrst
RS;127;NisPalilula
RS;128;Medijana
RS;129;Kostolac
RS;13;Pomoravskidistrict
RS;14;Borskidistrict
RS;15;Zaječarskidistrict
RS;16;Zlatiborskidistrict
RS;17;Moravičkidistrict
RS;18;Raškidistrict
RS;19;Rasinskidistrict
RS;20;Nišavskidistrict
RS;201;Ada
RS;202;Alibunar
RS;203;Apatin
RS;204;Bac
RS;205;BackaPalanka
RS;206;BackaTopola
RS;207;BackiPetrovac
RS;208;Becej
RS;209;BelaCrkva
RS;21;Topličkidistrict
RS;210;Beocin
RS;211;Coka
RS;212;Indjija
RS;213;Irig
RS;214;Kanjiza
RS;215;Kikinda
RS;216;Kovacica
RS;217;Kovin
RS;218;Kula
RS;219;MaliIdjos
RS;22;Pirotskidistrict
RS;220;NovaCrnja
RS;221;NoviBecej
RS;222;NoviKnezevac
RS;223;NoviSad
RS;224;Odzaci
RS;225;Opovo
RS;226;GradPancevo
RS;227;Pecinci
RS;228;Plandiste
RS;229;Ruma
RS;23;Jablaničkidistrict
RS;230;Secanj
RS;231;Senta
RS;232;GradSombor
RS;233;Srbobran
RS;234;GradSremskaMitrovi
RS;235;StaraPazova
RS;236;GradSubotica
RS;237;Sid
RS;238;Temerin
RS;239;Titel
RS;24;Pčinjskidistrict
RS;240;Vrbas
RS;241;Vrsac
RS;242;GradZrenjanin
RS;243;Zabalj
RS;244;Zitiste
RS;247;Petrovaradin
RS;25;Kosovskidistrict
RS;250;SremskiKarlovci
RS;26;Pećkidistrict
RS;27;Prizrenskidistrict
RS;28;Kosovsko-Mitrovački
RS;29;Kosovsko-Pomoravski
RS;301;Decani
RS;303;Djakovica
RS;304;Glogovac
RS;305;Gnjilane
RS;306;Istok
RS;307;Kacanik
RS;308;Klina
RS;309;KosovskaKamenica
RS;310;KosovskaMitrovica
RS;311;Leposavic
RS;312;Lipljan
RS;313;Orahovac
RS;314;Pec
RS;315;Podujevo
RS;316;Pristina
RS;317;Prizren
RS;318;Srbica
RS;319;SuvaReka
RS;320;Urosevac
RS;321;Gnjilane
RS;322;Vucitrn
RS;324;ZubinPotok
RS;325;Stimlje
RS;326;Strpce
RS;327;Obilic
RS;328;KosovoPolje
RS;329;NovoBrdo
RS;330;Zvecan
RS;331;GorasedisteDragas
RS;501;GradBeograd
RS;511;GradNoviSad
RS;521;GradNis
RS;531;GradKragujevac
RS;541;GradPristina
RS;581;APVojvodina
RS;591;APKosovoiMetohija
RS;601;RepublicofSerbia
RU;01;AdigejaRepublic
RU;02;Republ.ofBashkortos
RU;03;BuryatRepublic
RU;04;Highlands-AltayRep.
RU;05;DagestanRepublic
RU;06;IngushetijaRepublic
RU;07;Kabardino-Balkar.Rep
RU;08;KalmykRepublic
RU;09;Karach.-CherkesskRe
RU;10;KarelianRepublic
RU;11;KomiRepublic
RU;12;MarijskayaRepublic
RU;13;MordovianRepublic
RU;14;Yakutiya-SahaRrepub
RU;15;North-OsetiyaRepubl
RU;16;TatarstanRepublic
RU;17;TuvaRepublic
RU;18;TheUdmurtRepublic
RU;19;ChakasskyRepublic
RU;20;ChechenskayaRepubl.
RU;21;ChuvashRepublic
RU;22;AltayTerritory
RU;23;KrasnodarTerritory
RU;24;KrasnoyarskTerritor
RU;25;PrimoryeTerritory
RU;26;StavropolTerritory
RU;27;KhabarovskTerritory
RU;28;TheAmurArea
RU;29;TheArkhangelskArea
RU;30;TheAstrakhanArea
RU;31;TheBelgorodArea
RU;32;TheBryanskArea
RU;33;TheVladimirArea
RU;34;TheVolgogradArea
RU;35;TheVologdaArea
RU;36;TheVoronezhArea
RU;37;TheIvanovoArea
RU;38;TheIrkutskArea
RU;39;TheKaliningradArea
RU;40;TheKalugaArea
RU;41;KamchatkaTerritory
RU;42;TheKemerovoArea
RU;43;TheKirovArea
RU;44;TheKostromaArea
RU;45;TheKurganArea
RU;46;TheKurskArea
RU;47;TheLeningradArea
RU;48;TheLipetskArea
RU;49;TheMagadanArea
RU;50;TheMoscowArea
RU;51;TheMurmanskArea
RU;52;TheNizhniyNovgorod
RU;53;TheNovgorodArea
RU;54;TheNovosibirskArea
RU;55;TheOmskArea
RU;56;TheOrenburgArea
RU;57;TheOryolArea
RU;58;ThePenzaArea
RU;59;PermTerritory
RU;60;ThePskovArea
RU;61;TheRostovArea
RU;62;TheRyazanArea
RU;63;TheSamaraArea
RU;64;TheSaratovArea
RU;65;TheSakhalinArea
RU;66;TheSverdlovskArea
RU;67;TheSmolenskArea
RU;68;TheTambovArea
RU;69;TheTverArea
RU;70;TheTomskArea
RU;71;TheTulaArea
RU;72;TheTyumenArea
RU;73;TheUlyanovskArea
RU;74;TheChelyabinskArea
RU;75;ZabaykalskTerritory
RU;76;TheYaroslavlArea
RU;77;c.Moscow
RU;78;c.St-Peterburg
RU;79;TheJewishAuton.are
RU;80;AginskBuryatAut.di
RU;81;KomyPermjats.Aut.di
RU;82;KorjacsAuton.distri
RU;83;NenekchkyAuton.dist
RU;84;TheTaymirAuton.dis
RU;85;Ust-OrdinskyBuryat
RU;86;Chanti-MansyjskyAut
RU;87;ChukotkaAuton.dist
RU;88;EvenskyAuton.distri
RU;89;Jamalo-NenekchkyAut
RW;01;CityofKigali
RW;02;Eastern
RW;03;Northern
RW;04;Western
RW;05;Southern
SA;01;Riyadh
SA;02;Makkah
SA;03;Madinah
SA;04;EasternProvince
SA;05;Qassim
SA;06;Ha'il
SA;07;Tabuk
SA;08;NorthernBorders
SA;09;Jizan
SA;10;Najran
SA;11;Bahah
SA;12;Jawf
SA;14;'Asir
SD;DC;CentralDarfur
SD;DE;EastDarfur
SD;DN;NorthDarfur
SD;DS;SouthDarfur
SD;DW;WestDarfur
SD;GD;Gedaref
SD;GK;WestKordofan
SD;GZ;Gezira
SD;KA;Kassala
SD;KH;Khartoum
SD;KN;NorthKordofan
SD;KS;SouthKordofan
SD;NB;BlueNile
SD;NO;Northern
SD;NR;RiverNile
SD;NW;WhiteNile
SD;RS;RedSea
SD;SI;Sennar
SE;001;BlekingeCounty
SE;002;DalarnasCounty
SE;003;GotlandCounty
SE;004;GaevleborgCounty
SE;005;HallandCounty
SE;006;JaemtlandCounty
SE;007;JoenkoepingCounty
SE;008;KalmarCounty
SE;009;KronobergCounty
SE;010;NorrbottenCounty
SE;011;SkaaneCounty
SE;012;StockholmCounty
SE;013;SoedermanlandCounty
SE;014;UppsalaCounty
SE;015;VaermlandCounty
SE;016;VaesterbottenCounty
SE;017;VaesternorrlandCnty
SE;018;VaestmanlandCounty
SE;019;VaestraGoetalandC.
SE;020;OerebroCounty
SE;021;OestergoetlandCnty
SE;AB;StockholmCounty
SE;AC;VaesterbottenCounty
SE;BD;NorrbottenCounty
SE;C;UppsalaCounty
SE;D;SoedermanlandCounty
SE;E;OestergoetlandCnty
SE;F;JoenkoepingCounty
SE;G;KronobergCounty
SE;H;KalmarCounty
SE;I;GotlandCounty
SE;K;BlekingeCounty
SE;M;SkaaneCounty
SE;N;HallandCounty
SE;O;VaestraGoetalandC.
SE;S;VaermlandCounty
SE;T;OerebroCounty
SE;U;VaestmanlandCounty
SE;W;DalarnasCounty
SE;X;GaevleborgCounty
SE;Y;VaesternorrlandCnty
SE;Z;JaemtlandCounty
SG;SG;Singapore
SH;AC;Ascension
SH;HL;St.Helena
SH;TA;TristandaCunha
SI;001;Ajdovscina
SI;002;Beltinci
SI;003;Bled
SI;004;Bohinj
SI;005;Borovnica
SI;006;Bovec
SI;007;Brda
SI;008;Brezovica
SI;009;Brezice
SI;010;Tisina
SI;011;Celje
SI;012;CerkljenaGorenjske
SI;013;Cerknica
SI;014;Cerkno
SI;015;Crensovci
SI;016;CrnanaKoroskem
SI;017;Crnomelj
SI;018;Destrnik
SI;019;Divaca
SI;020;Dobrepolje
SI;021;Dobrova-PolhovGrade
SI;022;DolpriLjubljani
SI;023;Domzale
SI;024;Dornava
SI;025;Dravograd
SI;026;Duplek
SI;027;Gorenjavas-Poljane
SI;028;Gorisnica
SI;029;GornjaRadgona
SI;030;GornjiGrad
SI;031;GornjiPetrovci
SI;032;Grosuplje
SI;033;Salovci
SI;034;Hrastnik
SI;035;Hrpelje-Kozina
SI;036;Idrija
SI;037;Ig
SI;038;IlirskaBistrica
SI;039;IvancnaGorica
SI;040;Izola-Isola
SI;041;Jesenice
SI;042;Jursinci
SI;043;Kamnik
SI;044;Kanal
SI;045;Kidricevo
SI;046;Kobarid
SI;047;Kobilje
SI;048;Kocevje
SI;049;Komen
SI;050;Koper-Capodistria
SI;051;Kozje
SI;052;Kranj
SI;053;KranjskaGora
SI;054;Krsko
SI;055;Kungota
SI;056;Kuzma
SI;057;Lasko
SI;058;Lenart
SI;059;Lendava-Lendva
SI;060;Litija
SI;061;Ljubljana
SI;062;Ljubno
SI;063;Ljutomer
SI;064;Logatec
SI;065;Loskadolina
SI;066;LoskiPotok
SI;067;Luce
SI;068;Lukovica
SI;069;Majsperk
SI;070;Maribor
SI;071;Medvode
SI;072;Menges
SI;073;Metlika
SI;074;Mezica
SI;075;Miren-Kostanjevica
SI;076;Mislinja
SI;077;Moravce
SI;078;MoravskeToplice
SI;079;Mozirje
SI;080;MurskaSobota
SI;081;Muta
SI;082;Naklo
SI;083;Nazarje
SI;084;NovaGorica
SI;085;Novomesto
SI;086;Odranci
SI;087;Ormoz
SI;088;Osilnica
SI;089;Pesnica
SI;090;Piran-Pirano
SI;091;Pivka
SI;092;Podcetrtek
SI;093;Podvelka
SI;094;Postojna
SI;095;Preddvor
SI;096;Ptuj
SI;097;Puconci
SI;098;Race-Fram
SI;099;Radece
SI;100;Radenci
SI;101;RadljeobDravi
SI;102;Radovljica
SI;103;RavnenaKoroskem
SI;104;Ribnica
SI;105;Rogasovci
SI;106;RogaskaSlatina
SI;107;Rogatec
SI;108;Ruse
SI;109;Semic
SI;110;Sevnica
SI;111;Sezana
SI;112;SlovenjGradec
SI;113;SlovenskaBistrica
SI;114;SlovenskeKonjice
SI;115;Starse
SI;116;SvetiJurij
SI;117;Sencur
SI;118;Sentilj
SI;119;Sentjernej
SI;120;SentjurpriCelju
SI;121;Skocjan
SI;122;SkofjaLoka
SI;123;Skofljica
SI;124;SmarjepriJelsah
SI;125;SmartnoobPaki
SI;126;Sostanj
SI;127;Store
SI;128;Tolmin
SI;129;Trbovlje
SI;130;Trebnje
SI;131;Trzic
SI;132;Turnisce
SI;133;Velenje
SI;134;VelikeLasce
SI;135;Videm
SI;136;Vipava
SI;137;Vitanje
SI;138;Vodice
SI;139;Vojnik
SI;140;Vrhnika
SI;141;Vuzenica
SI;142;ZagorjeobSavi
SI;143;Zavrc
SI;144;Zrece
SI;146;Zelezniki
SI;147;Ziri
SI;148;Benedikt
SI;149;BistricaobSotli
SI;150;Bloke
SI;151;Braslovce
SI;152;Cankova
SI;153;Cerkvenjak
SI;154;Dobje
SI;155;Dobrna
SI;156;Dobrovnik-Dobronak
SI;157;DolenjskeToplice
SI;158;Grad
SI;159;Hajdina
SI;160;Hoce-Slivnica
SI;161;Hodos-Hodos
SI;162;Horjul
SI;163;Jezersko
SI;164;Komenda
SI;165;Kostel
SI;166;Krizevci
SI;167;LovrencnaPohorju
SI;168;Markovci
SI;169;MiklavznaDravskem
SI;170;MirnaPec
SI;171;Oplotnica
SI;172;Podlehnik
SI;173;Polzela
SI;174;Prebold
SI;175;Prevalje
SI;176;Razkrizje
SI;177;RibnicanaPohorju
SI;178;SelnicaobDravi
SI;179;Sodrazica
SI;180;Solcava
SI;181;SvetaAna
SI;182;SvetiAndrazvSlov.
SI;183;Sempeter-Vrtojba
SI;184;Tabor
SI;185;TrnovskaVas
SI;186;Trzin
SI;187;VelikaPolana
SI;188;Verzej
SI;189;Vransko
SI;190;Zalec
SI;191;Zetale
SI;192;Zirovnica
SI;193;Zuzemberk
SI;194;SmartnopriLitiji
SI;195;Apace
SI;196;Cirkulane
SI;197;KosanjevicanaKrki
SI;198;Makole
SI;199;Mokronog–Trebelno
SI;200;Poljcane
SI;201;Rence-Vogrsko
SI;202;SredisceobDravi
SI;203;Straza
SI;204;SvetaTr.vSlov.G.
SI;205;SvetiTomaz
SI;206;SmarjeSkeToplice
SI;207;Gorje
SI;208;Log-Dragomer
SI;209;RecicaobSavinji
SI;210;SvetiJu.vSlov.G.
SI;211;Sentrupert
SI;212;Mina
SI;213;Ancarano
SK;101;BratislavaI
SK;102;BratislavaII
SK;103;BratislavaIII
SK;104;BratislavaIV
SK;105;BratislavaV
SK;106;Malacky
SK;107;Pezinok
SK;108;Senec
SK;201;DunajskaStreda
SK;202;Galanta
SK;203;Hlohovec
SK;204;Piestany
SK;205;Senica
SK;206;Skalica
SK;207;Trnava
SK;301;BanovcenadBebravou
SK;302;Ilava
SK;303;Myjava
SK;304;NoveMestonadVahom
SK;305;Partizanske
SK;306;PovazskaBystrica
SK;307;Prievidza
SK;308;Puchov
SK;309;Trencin
SK;401;Komarno
SK;402;Levice
SK;403;Nitra
SK;404;NoveZamky
SK;405;Saľa
SK;406;Topoľcany
SK;407;ZlateMoravce
SK;501;Bytca
SK;502;Cadca
SK;503;DolnyKubin
SK;504;KysuckeNoveMesto
SK;505;LiptovskyMikulas
SK;506;Martin
SK;507;Namestovo
SK;508;Ruzomberok
SK;509;TurcianskeTeplice
SK;510;Tvrdosin
SK;511;Zilina
SK;601;BanskaBystrica
SK;602;BanskaStiavnica
SK;603;Brezno
SK;604;Detva
SK;605;Krupina
SK;606;Lucenec
SK;607;Poltar
SK;608;Revuca
SK;609;RimavskaSobota
SK;610;VeľkyKrtis
SK;611;Zvolen
SK;612;Zarnovica
SK;613;ZiarnadHronom
SK;701;Bardejov
SK;702;Humenne
SK;703;Kezmarok
SK;704;Levoca
SK;705;Medzilaborce
SK;706;Poprad
SK;707;Presov
SK;708;Sabinov
SK;709;Snina
SK;710;StaraĽubovňa
SK;711;Stropkov
SK;712;Svidnik
SK;713;VranovnadTopľou
SK;801;Gelnica
SK;802;KosiceI
SK;803;KosiceII
SK;804;KosiceIII
SK;805;KosiceIV
SK;806;Kosice-okolie
SK;807;Michalovce
SK;808;Rozňava
SK;809;Sobrance
SK;810;SpisskaNovaVes
SK;811;Trebisov
SL;E;Eastern
SL;N;Northern
SL;NW;NorthWestern
SL;S;Southern
SL;W;WesternArea
SM;01;Acquaviva
SM;02;Chiesanuova
SM;03;Domagnano
SM;04;Faetano
SM;05;Fiorentino
SM;06;BorgoMaggiore
SM;07;SanMarino
SM;08;Montegiardino
SM;09;Serravalle
SN;DB;Diourbel
SN;DK;Dakar
SN;FK;Fatick
SN;KA;Kaffrine
SN;KD;Kolda
SN;KE;Kédougou
SN;KL;Kaolack
SN;LG;Louga
SN;MT;Matam
SN;SE;Sédhiou
SN;SL;Saint-Louis
SN;TC;Tambacounda
SN;TH;Thiès
SN;ZG;Ziguinchor
SO;AW;Awdal
SO;BK;Bakool
SO;BN;Banaadir
SO;BR;Bari
SO;BY;Bay
SO;GA;Galguduud
SO;GE;Gedo
SO;HI;Hiiraan
SO;JD;MiddleJuba
SO;JH;LowerJuba
SO;MU;Mudug
SO;NU;Nugaal
SO;SA;Sanaag
SO;SD;MiddleShebelle
SO;SH;LowerShebelle
SO;SO;Sool
SO;TO;Togdheer
SO;WO;WoqooyiGalbeed
SR;BR;Brokopondo
SR;CM;Commewijne
SR;CR;Coronie
SR;MA;Marowijne
SR;NI;Nickerie
SR;PM;Paramaribo
SR;PR;Para
SR;SA;Saramacca
SR;SI;Sipaliwini
SR;WA;Wanica
SS;BN;NorthernBahrGhazal
SS;BW;WesternBahrGhazal
SS;EC;CentralEquatoria
SS;EE;EasternEquatoria
SS;EW;WesternEquatoria
SS;JG;Jonglei
SS;LK;Lakes
SS;NU;UpperNile
SS;UY;Unity
SS;WR;Warrap
ST;P;Príncipe
ST;S;SãoTomé
SV;AH;Ahuachapán
SV;CA;Cabañas
SV;CH;Chalatenango
SV;CU;Cuscatlán
SV;LI;LaLibertad
SV;MO;Morazán
SV;PA;LaPaz
SV;SA;SantaAna
SV;SM;SanMiguel
SV;SO;Sonsonate
SV;SS;SanSalvador
SV;SV;SanVicente
SV;UN;LaUnión
SV;US;Usulután
SY;DI;Damascus
SY;DR;Dar'a
SY;DY;Dairaz-Zaur
SY;HA;Al-Hasaka
SY;HI;Homs
SY;HL;Aleppo
SY;HM;Hama
SY;ID;Idlib
SY;LA;Latakia
SY;QU;Al-Qunaitira
SY;RA;Ar-Raqqah
SY;RD;RifDimashq
SY;SU;As-Suwaida
SY;TA;Tartus
SZ;HH;Hhohho
SZ;LU;Lubombo
SZ;MA;Manzini
SZ;SH;Shiselweni
TD;BA;Batha
TD;BG;BahrelGhazal
TD;BO;Borkou
TD;CB;Chari-Baguirmi
TD;EE;Ennedi-Est
TD;EO;Ennedi-Ouest
TD;GR;Guéra
TD;HL;HadjerLamis
TD;KA;Kanem
TD;LC;Lac
TD;LO;Logone-Occidental
TD;LR;Logone-Oriental
TD;MA;Mandoul
TD;MC;Moyen-Chari
TD;ME;Mayo-Kebbi-Est
TD;MO;Mayo-Kebbi-Ouest
TD;ND;VilledeNdjamena
TD;OD;Ouaddaï
TD;SA;Salamat
TD;SI;Sila
TD;TA;Tandjilé
TD;TI;Tibesti
TD;WF;WadiFira
TG;C;Centrale
TG;K;Kara
TG;M;Maritime(Région)
TG;P;Plateaux
TG;S;Savanes
TH;01;AmnatCharoen
TH;02;AngThong
TH;03;Buriram
TH;04;Chachoengsao
TH;05;ChaiNat
TH;06;Chaiyaphum
TH;07;Chanthaburi
TH;08;ChiangMai
TH;09;ChiangRai
TH;10;KrungThepMahanakorn
TH;11;SamutPrakan
TH;12;Nonthaburi
TH;13;PathumThani
TH;14;PhraNakhonSiAyut.
TH;15;AngThong
TH;16;LopBuri
TH;17;SingBuri
TH;18;ChaiNat
TH;19;Saraburi
TH;20;ChonBuri
TH;21;Rayong
TH;22;Chanthaburi
TH;23;Trat
TH;24;Chachoengsao
TH;25;PrachinBuri
TH;26;NakhonNayok
TH;27;SaKaeo
TH;28;NakhonPhanom
TH;29;NakhonRatchasima
TH;30;NakhonRatchasima
TH;31;BuriRam
TH;32;Surin
TH;33;SiSaKet
TH;34;UbonRatchathani
TH;35;Yasothon
TH;36;Chaiyaphum
TH;37;AmnatCharoen
TH;38;BuengKan
TH;39;NongBuaLamPhu
TH;40;KhonKaen
TH;41;UdonThani
TH;42;Loei
TH;43;NongKhai
TH;44;MahaSarakham
TH;45;RoiEt
TH;46;Kalasin
TH;47;SakonNakhon
TH;48;NakhonPhanom
TH;49;Mukdahan
TH;50;ChiangMai
TH;51;Lamphun
TH;52;Lampang
TH;53;Uttaradit
TH;54;Phrae
TH;55;Nan
TH;56;Phayao
TH;57;ChiangRai
TH;58;MaeHongSon
TH;60;NakhonSawan
TH;61;UthaiThani
TH;62;KamphaengPhet
TH;63;Tak
TH;64;Sukhothai
TH;65;Phitsanulok
TH;66;Phichit
TH;67;Phetchabun
TH;70;Ratchaburi
TH;71;Kanchanaburi